Description,Target,Expression
#,, annotate persons table after import
age_16_to_19,age_16_to_19,"persons.age.between(16, 19)"
age_16_p,age_16_p,persons.age >= 16
adult,adult,persons.age >= 18
# ODOT survey coding also has an addition SEX == 3 option for other / non-binary ,,
male,male,persons.SEX == 1
female,female,persons.SEX == 2
#,,
# worker status,,
employment status type,pemploy,"pd.Series(PEMPLOY_NOT, index=persons.index)"
,pemploy,"np.where(persons.age < 16, PEMPLOY_CHILD, PEMPLOY_PART)"
,pemploy,"np.where((persons.age >= 16) & ((persons.ESR == 3) | (persons.ESR == 6)), PEMPLOY_NOT, pemploy)"
,pemploy,"np.where((persons.age>=16) & (persons.ESR != 3) & (persons.ESR != 6) & (persons.WKHP >= 35) & (persons.WKW >= 1) & (persons.WKW <= 4), PEMPLOY_FULL, pemploy)"
is_worker,is_worker,"np.isin(pemploy, [PEMPLOY_FULL, PEMPLOY_PART])"
#,,
## student status,,
Nursery school / preschool,is_preschool,persons.SCHG == 1
Kindergarten through 8th grade,is_gradeschool,(persons.SCHG >= 2) & (persons.SCHG <= 10)
9th through 12th grade,is_highschool,(persons.SCHG >= 11) & (persons.SCHG <= 14)
college or graduate / professional school,is_university,(persons.SCHG >= 15)
,is_student,"np.isin(is_preschool | is_gradeschool | is_highschool | is_university, True, False)"
school_segment,school_segment,"np.select([is_preschool, is_gradeschool, is_highschool, is_university], [SCHOOL_SEGMENT_PREK, SCHOOL_SEGMENT_GRADE, SCHOOL_SEGMENT_HIGH, SCHOOL_SEGMENT_UNIV], default=SCHOOL_SEGMENT_NONE).astype(np.int8)"
#,,
## person type,,
person type,ptype,"pd.Series(PTYPE_NONWORK, index=persons.index)"
,ptype,"np.where(persons.age >= 65, PTYPE_RETIRED, ptype)"
,ptype,"np.where(pemploy == 2, PTYPE_PART, ptype)"
,ptype,"np.where(pemploy == 1,  PTYPE_FULL, ptype)"
,ptype,"np.where(persons.age < 5, PTYPE_PRESCHOOL, ptype)"
,ptype,"np.where(((persons.age >= 5) & (persons.age < 18)) | is_gradeschool | is_highschool, PTYPE_SCHOOL, ptype)"
,ptype,"np.where(is_university, PTYPE_UNIVERSITY, ptype)"
#,,
#extrnal model variable initialization treating everyone as internal initially,,
,is_internal_worker,is_worker
,is_external_worker,0
#,,
home_zone_id,home_zone_id,"reindex(households.home_zone_id, persons.household_id)"
#,,
,_mean_work,distributed_time_factor_work_mean
,_stddev_work,distributed_time_factor_work_stddev
,_mean_nonwork,distributed_time_factor_nonwork_mean
,_stddev_nonwork,distributed_time_factor_nonwork_stddev
,_min_time_factor,distributed_time_factor_min
,_max_time_factor,distributed_time_factor_max
#,,"Below expression was previously done using np.clip, but was producing a NotImplemented error for mixed DataFrame and Series Inputs.  Reimplemented using min & max"
travel time sensitivity factor for work travel,time_factor_work,"np.minimum(_max_time_factor, np.maximum(rng.lognormal_for_df(persons, mu=_mean_work, sigma=_stddev_work, scale=True), _min_time_factor))"
travel time sensitivity factor for non-work travel,time_factor_nonwork,"np.minimum(_max_time_factor, np.maximum(rng.lognormal_for_df(persons, mu=_mean_nonwork, sigma=_stddev_nonwork, scale=True), _min_time_factor))  "
#,,
occupation categories mapped to workplace segments,work_segment,persons.occupation.fillna(999).map(occupation_xwalk)
