Description,Expression,M,N,H
Full-time worker ASC,@(df.ptype == PTYPE_FULL),coef_full_time_worker_asc_M,coef_full_time_worker_asc_N,
Part-time worker ASC,@(df.ptype == PTYPE_PART),coef_part_time_worker_asc_M,coef_part_time_worker_asc_N,
University student ASC,@(df.ptype == PTYPE_UNIVERSITY),coef_university_student_asc_M,coef_university_student_asc_N,
Non-working adult ASC,@(df.ptype == PTYPE_NONWORK),,coef_non_working_adult_asc_N,
Retired ASC,@(df.ptype == PTYPE_RETIRED),,coef_retired_asc_N,
Driving-age child who is in school ASC,@(df.ptype == PTYPE_SCHOOL) & (df.age >= 16),coef_driving_age_child_asc_M,coef_driving_age_child_asc_N,
Pre-driving-age child who is in school ASC,@(df.ptype == PTYPE_SCHOOL) & (df.age < 16),coef_pre_driving_age_child_asc_M,coef_pre_driving_age_child_asc_N,
Preschool child ASC,@(df.ptype == PTYPE_PRESCHOOL),coef_preschool_child_asc_M,coef_preschool_child_asc_N,
Full-time worker interaction with age less than 35,@(df.ptype == PTYPE_FULL) & (df.age < 35),coef_full_time_worker_age_less_than_35_M,coef_full_time_worker_age_less_than_35_N,
Part-time worker interaction with age less than 35,@(df.ptype == PTYPE_PART) & (df.age < 35),coef_part_time_worker_age_less_than_35_M,coef_full_time_worker_age_less_than_35_N,
Age over 80,@(df.age >= 80),,coef_age_80_plus_N,
Zero auto ownership base,(auto_ownership == 0),coef_base_zero_auto_M,coef_base_zero_auto_N,
Auto Deficient part-time worker,@(df.ptype == PTYPE_PART) & (df.auto_ownership > 0) & (df.auto_ownership < df.num_adults),coef_part_time_worker_auto_deficient_M,,
Auto Deficient university_student,@(df.ptype == PTYPE_UNIVERSITY) & (df.auto_ownership > 0) & (df.auto_ownership < df.num_adults),,coef_university_student_auto_deficient_N,
Auto Deficient non_working_adult,@(df.ptype == PTYPE_NONWORK) & (df.auto_ownership > 0) & (df.auto_ownership < df.num_adults),,coef_non_working_adult_auto_deficient_N,
Auto Deficient retired,@(df.ptype == PTYPE_RETIRED) & (df.auto_ownership > 0) & (df.auto_ownership < df.num_adults),,coef_retired_auto_deficient_N,
Auto Deficient driving_age_child,@(df.ptype == PTYPE_SCHOOL) & (df.age >= 16) & (df.auto_ownership > 0) & (df.auto_ownership < df.num_adults),,coef_driving_age_child_auto_deficient_N,
Auto Deficient preschool_child,@(df.ptype == PTYPE_PRESCHOOL) & (df.auto_ownership > 0) & (df.auto_ownership < df.num_adults),coef_preschool_child_auto_deficient_M,,
Full-time worker interaction with income less than $30k,@(df.ptype == PTYPE_FULL) & (df.income < 30000),,,coef_full_time_worker_income_less_than_30k_H
Part-time worker interaction with income less than $30k,@(df.ptype == PTYPE_PART) & (df.income < 30000),,,coef_part_time_worker_income_less_than_30k_H
Preschool child interaction with income between $60k and $100k,@(df.ptype == PTYPE_PRESCHOOL) & (df.income >= 60000) & (df.income <= 100000),coef_preschool_child_income_between_60k_and_100k_M,,
Base works from home,(work_from_home),,coef_base_work_from_home_N,
Base works from home 2016,(work_from_home),,coef_base_work_from_home_2016_N,
Part time worker who works from home,@(df.ptype == PTYPE_PART) & (df.work_from_home),,coef_part_time_worker_work_from_home_N,
Part time worker who works from home,@(df.ptype == PTYPE_PART) & (df.work_from_home) & (PRE_COVID),,coef_part_time_worker_work_from_home_2016_N,
Telecommutes 1 day per week,telecommute_frequency=='1_day_week',,coef_telecommute_1_day_week_N,coef_telecommute_1_day_week_H
Telecommutes 2 days per week,telecommute_frequency=='2_days_week',,coef_telecommute_2_3_days_week_N,coef_telecommute_2_3_days_week_H
Telecommutes 3 days per week,telecommute_frequency=='3_days_week',,coef_telecommute_2_3_days_week_N,coef_telecommute_2_3_days_week_H
Telecommutes 4 days per week,telecommute_frequency=='4_days_week',,coef_telecommute_4_days_week_N,coef_telecommute_4_days_week_H
Full-time worker 2016 ASC,@(df.ptype == PTYPE_FULL) & (PRE_COVID),coef_full_time_worker_2016_asc_M,coef_full_time_worker_2016_asc_N,
Part-time worker 2016 ASC,@(df.ptype == PTYPE_PART) & (PRE_COVID),coef_part_time_worker_2016_asc_M,coef_part_time_worker_2016_asc_N,
University student 2016 ASC,@(df.ptype == PTYPE_UNIVERSITY) & (PRE_COVID),coef_university_student_2016_asc_M,coef_university_student_2016_asc_N,
Non-working adult 2016 ASC,@(df.ptype == PTYPE_NONWORK) & (PRE_COVID),,coef_non_working_adult_2016_asc_N,
Retired 2016 ASC,@(df.ptype == PTYPE_RETIRED) & (PRE_COVID),,coef_retired_2016_asc_N,
Driving-age child who is in school 2016 ASC,@(df.ptype == PTYPE_SCHOOL) & (df.age >= 16) & (PRE_COVID),coef_driving_age_child_2016_asc_M,coef_driving_age_child_2016_asc_N,
Pre-driving-age child who is in school 2016 ASC,@(df.ptype == PTYPE_SCHOOL) & (df.age < 16) & (PRE_COVID),coef_pre_driving_age_child_2016_asc_M,coef_pre_driving_age_child_2016_asc_N,
Preschool child 2016 ASC,@(df.ptype == PTYPE_PRESCHOOL) & (PRE_COVID),coef_preschool_child_2016_asc_M,coef_preschool_child_2016_asc_N,
Telecommutes 1 day per week 2016,@(df.telecommute_frequency=='1_day_week') & (PRE_COVID),,coef_telecommute_1_day_week_2016_N,coef_telecommute_1_day_week_2016_H
Telecommutes 2 days per week 2016,@(df.telecommute_frequency=='2_days_week') & (PRE_COVID),,coef_telecommute_2_3_days_week_2016_N,coef_telecommute_2_3_days_week_2016_H
Telecommutes 3 days per week 2016,@(df.telecommute_frequency=='3_days_week') & (PRE_COVID),,coef_telecommute_2_3_days_week_2016_N,coef_telecommute_2_3_days_week_2016_H
Telecommutes 4 days per week 2016,@(df.telecommute_frequency=='4_days_week') & (PRE_COVID),,coef_telecommute_4_days_week_2016_N,coef_telecommute_4_days_week_2016_H
Mandatory pattern unavailable if not worker or student,(is_student == False) & (is_worker == False),coef_UNAVAILABLE,,
Mandatory pattern unavailable if not works from home,(work_from_home == True) & (is_student == False),coef_UNAVAILABLE,,
# cutting non-mandatory accessibility into roughly quartiles with low as base,,,,
Non-mandatory accessibility med low,@(((df.shopping_accessibility + df.othdiscr_accessibility) / 2) >= 12) & (((df.shopping_accessibility + df.othdiscr_accessibility) / 2) < 13.5),,coef_non_mand_accessibility_med_low_N,
Non-mandatory accessibility med high,@(((df.shopping_accessibility + df.othdiscr_accessibility) / 2) >= 13.5) & (((df.shopping_accessibility + df.othdiscr_accessibility) / 2) < 15),,coef_non_mand_accessibility_med_high_N,
Non-mandatory accessibility high,@(((df.shopping_accessibility + df.othdiscr_accessibility) / 2) > 15),,coef_non_mand_accessibility_high_N,
Non-mandatory accessibility med low,@(((df.shopping_accessibility + df.othdiscr_accessibility) / 2) >= 12) & (((df.shopping_accessibility + df.othdiscr_accessibility) / 2) < 13.5) & (PRE_COVID),,coef_non_mand_accessibility_med_low_2016_N,
Non-mandatory accessibility med high,@(((df.shopping_accessibility + df.othdiscr_accessibility) / 2) >= 13.5) & (((df.shopping_accessibility + df.othdiscr_accessibility) / 2) < 15) & (PRE_COVID),,coef_non_mand_accessibility_med_high_2016_N,
Non-mandatory accessibility high,@(((df.shopping_accessibility + df.othdiscr_accessibility) / 2) > 15) & (PRE_COVID),,coef_non_mand_accessibility_high_2016_N,
#,,,,
Full-time worker weighted target ASC,@df.ptype == PTYPE_FULL,-0.076,0.033,0.288
Part-time worker weighted target ASC,@df.ptype == PTYPE_PART,0.118,-0.124,0.029
University student weighted target ASC,@df.ptype == PTYPE_UNIVERSITY,-0.081,0.038,0.164
Non-working adult weighted target ASC,@df.ptype == PTYPE_NONWORK,,-0.110,0.284
Retired weighted target ASC,@df.ptype == PTYPE_RETIRED,,-0.131,0.313
Driving-age child who is in school weighted target ASC,@(df.ptype == PTYPE_SCHOOL) & (df.age >= 16),-0.134,0.314,0.026
Pre-driving-age child who is in school weighted target ASC,@(df.ptype == PTYPE_SCHOOL) & (df.age < 16),0.028,-0.084,0.010
Preschool child weighted target ASC,@df.ptype == PTYPE_PRESCHOOL,0.104,-0.223,0.116
ABM3 calibration ASC ptype=1,@df.ptype == PTYPE_FULL,0.600,0.00,-0.527
ABM3 calibration ASC ptype=2,@df.ptype == PTYPE_PART,-0.107,0.0276,0.190
ABM3 calibration ASC ptype=3,@df.ptype == PTYPE_UNIVERSITY,0.427,-0.120,-0.200
ABM3 calibration ASC ptype=4,@df.ptype == PTYPE_NONWORK,0.0,0.00,0.0889
ABM3 calibration ASC ptype=5,@df.ptype == PTYPE_RETIRED,0.0,0.134,-0.227
ABM3 calibration ASC ptype=6,@(df.ptype == PTYPE_SCHOOL) & (df.age >= 16),3.750,-0.241,0.298
ABM3 calibration ASC ptype=7,@(df.ptype == PTYPE_SCHOOL) & (df.age < 16),2.200,-0.171,0.096
ABM3 calibration ASC ptype=8,@df.ptype == PTYPE_PRESCHOOL,0.536,0.454,-0.731