body_type,fuel_type,vehicle_year,MPG,NewPrice,NumMakes,NumModels,Range,auto_operating_cost,co2gpm
Car,BEV,2011,93.8,44331.89559,3,4,73,0.108682942,0
Car,BEV,2012,95.6,54291.33743,5,5,113,0.108080753,0
Car,BEV,2013,104.3,59928.48966,9,12,105,0.105463183,0
Car,BEV,2014,106.1,50547.30465,10,13,115,0.104975212,0
Car,BEV,2015,103.2,63109.22167,10,18,157,0.105769767,0
Car,BEV,2016,103.1,74787.61065,11,25,173,0.105797963,0
Car,BEV,2017,108.7,65091.20275,13,23,169,0.104298896,0
Car,BEV,2018,115.0309858,65202.70828,13.92307692,44.30769231,145.6393987,0.103654628,
Car,BEV,2019,116.7564506,65202.70828,14.84615385,65.61538462,147.8239897,0.103029221,
Car,BEV,2020,118.5077974,65202.70828,15.76923077,86.92307692,150.0413495,0.102403815,
Car,BEV,2021,120.2854144,65202.70828,16.69230769,108.2307692,152.2919698,0.101778408,
Car,BEV,2022,122.0896956,65202.70828,17.61538462,129.5384615,154.5763493,0.101153002,
Car,BEV,2023,123.921041,65202.70828,18.53846154,150.8461538,156.8949946,0.100527595,
Car,BEV,2024,125.7798566,65202.70828,19.46153846,172.1538462,159.2484195,0.099902189,
Car,BEV,2025,127.6665545,65202.70828,20.38461538,193.4615385,161.6371458,0.099276782,
Car,BEV,2026,129.5815528,65202.70828,21.30769231,214.7692308,164.0617029,0.098651376,
Car,BEV,2027,131.5252761,65202.70828,22.23076923,236.0769231,166.5226285,0.098025969,
Car,BEV,2028,133.4981552,65202.70828,23.15384615,257.3846154,169.0204679,0.097400563,
Car,BEV,2029,135.5006275,65202.70828,24.07692308,278.6923077,171.5557749,0.096775156,
Car,BEV,2030,137.533137,65202.70828,25,300,174.1291116,0.09614975,
Car,BEV,2031,139.596134,65202.70828,25.25,297.5,176.7410482,0.095524343,
Car,BEV,2032,141.690076,65202.70828,25.5,295,179.392164,0.094898936,
Car,BEV,2033,143.8154272,65202.70828,25.75,292.5,182.0830464,0.09427353,
Car,BEV,2034,145.9726586,65202.70828,26,290,184.8142921,0.093648123,
Car,BEV,2035,148.1622484,65202.70828,26.25,287.5,187.5865065,0.093022717,
Car,BEV,2036,150.3846822,65202.70828,26.5,285,190.4003041,0.09239731,
Car,BEV,2037,152.6404524,65202.70828,26.75,282.5,193.2563087,0.091771904,
Car,BEV,2038,154.9300592,65202.70828,27,280,196.1551533,0.091146497,
Car,BEV,2039,157.2540101,65202.70828,27.25,277.5,199.0974806,0.090521091,
Car,BEV,2040,159.6128202,65202.70828,27.5,275,202.0839428,0.089895684,
Car,BEV,2041,162.0070125,65202.70828,27.75,272.5,205.1152019,0.089270278,
Car,BEV,2042,164.4371177,65202.70828,28,270,208.19193,0.088644871,
Car,BEV,2043,166.9036745,65202.70828,28.25,267.5,211.3148089,0.088019465,
Car,BEV,2044,169.4072296,65202.70828,28.5,265,214.484531,0.087394058,
Car,BEV,2045,171.948338,65202.70828,28.75,262.5,217.701799,0.086768651,
Car,BEV,2046,174.5275631,65202.70828,29,260,220.967326,0.086143245,
Car,BEV,2047,177.1454766,65202.70828,29.25,257.5,224.2818359,0.085517838,
Car,BEV,2048,179.8026587,65202.70828,29.5,255,227.6460634,0.084892432,
Car,BEV,2049,182.4996986,65202.70828,29.75,252.5,231.0607544,0.084267025,
Car,BEV,2050,185.2371941,65202.70828,30,250,234.5266657,0.083641619,
Car,Diesel,1998,33.8,45885.66203,2,8,0,0.165457396,306.26
Car,Diesel,1999,34.5,45290.37855,2,8,0,0.163656522,299.48
Car,Diesel,2000,35.5,45772.94097,1,6,0,0.161207042,288.19
Car,Diesel,2001,35.5,44010.93975,1,6,0,0.161207042,288.19
Car,Diesel,2002,35.6,44034.24182,1,8,0,0.160969663,287.33
Car,Diesel,2003,35.6,44289.27981,1,8,0,0.160969663,287.33
Car,Diesel,2004,32.6,44749.60108,1,10,0,0.16872454,315.61
Car,Diesel,2005,32,44218.5867,2,13,0,0.17045,321.07
Car,Diesel,2006,32.3,45448.75007,2,7,0,0.169579257,317.06
Car,Diesel,2007,26,44308.58881,1,1,0,0.192084615,391.54
Car,Diesel,2008,26,42108.12422,1,1,0,0.192084615,391.54
Car,Diesel,2009,30.2,41981.77425,3,6,0,0.176037748,339.1
Car,Diesel,2010,31.4,41559.0992,3,8,0,0.172241401,324.25
Car,Diesel,2011,31.4,40534.44697,3,8,0,0.172241401,324.25
Car,Diesel,2012,32.3,38825.98783,2,8,0,0.169579257,314.55
Car,Diesel,2013,31.8,38846.09034,2,12,0,0.171039623,319.17
Car,Diesel,2014,31.5,38368.66109,4,20,0,0.171938095,322.3
Car,Diesel,2015,32.8,39308.445,4,23,0,0.168163415,311.57
Car,Diesel,2016,31.4,39325.51763,2,8,0,0.172241401,325.13
Car,Diesel,2017,35.2,38787.1746,3,9,0,0.161927273,290
Car,Diesel,2018,41.48711269,45079.34609,2.769230769,8.307692308,0,0.165874271,
Car,Diesel,2019,42.10941938,45079.34609,2.538461538,7.615384615,0,0.164974891,
Car,Diesel,2020,42.74106067,45079.34609,2.307692308,6.923076923,0,0.164075511,
Car,Diesel,2021,43.38217658,45079.34609,2.076923077,6.230769231,0,0.16317613,
Car,Diesel,2022,44.03290923,45079.34609,1.846153846,5.538461538,0,0.16227675,
Car,Diesel,2023,44.69340287,45079.34609,1.615384615,4.846153846,0,0.161377369,
Car,Diesel,2024,45.36380391,45079.34609,1.384615385,4.153846154,0,0.160477989,
Car,Diesel,2025,46.04426097,45079.34609,1.153846154,3.461538462,0,0.159578608,
Car,Diesel,2026,46.73492488,45079.34609,0.923076923,2.769230769,0,0.158679228,
Car,Diesel,2027,47.43594876,45079.34609,0.692307692,2.076923077,0,0.157779848,
Car,Diesel,2028,48.14748799,45079.34609,0.461538462,1.384615385,0,0.156880467,
Car,Diesel,2029,48.86970031,45079.34609,0.230769231,0.692307692,0,0.155981087,
Car,Gas,1998,21.3,38952.55256,42,464,0,0.21754507,433.86
Car,Gas,1999,21.2,38447.21363,40,483,0,0.218209434,435.35
Car,Gas,2000,21,38856.86312,39,473,0,0.219557143,437.7
Car,Gas,2001,21,37361.09207,39,505,0,0.219557143,437.72
Car,Gas,2002,20.8,37380.8733,42,543,0,0.220930769,439.76
Car,Gas,2003,20.5,37597.37624,42,573,0,0.223041463,450.5
Car,Gas,2004,20.6,37988.14511,43,628,0,0.222331068,445.25
Car,Gas,2005,20.4,37537.36453,41,661,0,0.223758824,452.05
Car,Gas,2006,20.2,38581.65596,43,595,0,0.225214852,456.18
Car,Gas,2007,20.3,37613.76774,43,594,0,0.224483251,454.23
Car,Gas,2008,20.5,35745.78309,46,649,0,0.223041463,454.02
Car,Gas,2009,21,35638.52401,45,637,0,0.219557143,444.46
Car,Gas,2010,21.5,35279.71318,44,641,0,0.216234884,434.37
Car,Gas,2011,21.7,34409.88113,42,617,0,0.214948848,428.48
Car,Gas,2012,22.4,32959.56219,42,668,0,0.210628571,417.59
Car,Gas,2013,23.1,32976.62731,40,702,0,0.20657013,402.94
Car,Gas,2014,23.2,32571.33539,41,717,0,0.206010345,402.86
Car,Gas,2015,23.4,33369.12233,39,740,0,0.204905128,398.43
Car,Gas,2016,23.7,33383.61537,39,734,0,0.203282279,392.27
Car,Gas,2017,24,32926.61346,39,738,0,0.2017,388.85
Car,Gas,2018,29.44973476,38268.06719,36.94444444,699.7777778,0,0.19850964,
Car,Gas,2019,29.89148079,38268.06719,34.88888889,661.5555556,0,0.196392888,
Car,Gas,2020,30.339853,38268.06719,32.83333333,623.3333333,0,0.194276137,
Car,Gas,2021,30.79495079,38268.06719,30.77777778,585.1111111,0,0.192159385,
Car,Gas,2022,31.25687505,38268.06719,28.72222222,546.8888889,0,0.190042633,
Car,Gas,2023,31.72572818,38268.06719,26.66666667,508.6666667,0,0.187925881,
Car,Gas,2024,32.2016141,38268.06719,24.61111111,470.4444444,0,0.18580913,
Car,Gas,2025,32.68463831,38268.06719,22.55555556,432.2222222,0,0.183692378,
Car,Gas,2026,33.17490789,38268.06719,20.5,394,0,0.181575626,
Car,Gas,2027,33.67253151,38268.06719,18.44444444,355.7777778,0,0.179458874,
Car,Gas,2028,34.17761948,38268.06719,16.38888889,317.5555556,0,0.177342123,
Car,Gas,2029,34.69028377,38268.06719,14.33333333,279.3333333,0,0.175225371,
Car,Gas,2030,35.21063803,38268.06719,12.27777778,241.1111111,0,0.173108619,
Car,Gas,2031,35.7387976,38268.06719,10.22222222,202.8888889,0,0.170991867,
Car,Gas,2032,36.27487956,38268.06719,8.166666667,164.6666667,0,0.168875116,
Car,Gas,2033,36.81900276,38268.06719,6.111111111,126.4444444,0,0.166758364,
Car,Gas,2034,37.3712878,38268.06719,4.055555556,88.22222222,0,0.164641612,
Car,Gas,2035,37.93185711,38268.06719,2,50,0,0.16252486,
Car,Gas,2036,38.50083497,38268.06719,2,50,0,0.160408109,
Car,Gas,2037,39.0783475,38268.06719,2,50,0,0.158291357,
Car,Gas,2038,39.66452271,38268.06719,2,50,0,0.156174605,
Car,Gas,2039,40.25949055,38268.06719,2,50,0,0.154057853,
Car,Gas,2040,40.86338291,38268.06719,2,50,0,0.151941101,
Car,Gas,2041,41.47633365,38268.06719,2,50,0,0.14982435,
Car,Gas,2042,42.09847866,38268.06719,2,50,0,0.147707598,
Car,Gas,2043,42.72995584,38268.06719,2,50,0,0.145590846,
Car,Gas,2044,43.37090517,38268.06719,2,50,0,0.143474094,
Car,Gas,2045,44.02146875,38268.06719,2,50,0,0.141357343,
Car,Gas,2046,44.68179078,38268.06719,2,50,0,0.139240591,
Car,Gas,2047,45.35201764,38268.06719,2,50,0,0.137123839,
Car,Gas,2048,46.03229791,38268.06719,2,50,0,0.135007087,
Car,Gas,2049,46.72278238,38268.06719,2,50,0,0.132890336,
Car,Gas,2050,47.42362411,38268.06719,2,50,0,0.130773584,
Car,Hybrid,2000,53,41031.95988,1,1,0,0.133303774,167.68
Car,Hybrid,2001,47,39452.45982,2,4,0,0.140529787,190.65
Car,Hybrid,2002,47,39473.34834,2,3,0,0.140529787,191.17
Car,Hybrid,2003,43.3,39701.9705,2,7,0,0.145984065,207.34
Car,Hybrid,2004,43.9,40114.61351,2,7,0,0.14503713,204.44
Car,Hybrid,2005,41.9,39638.59951,2,8,0,0.148299045,218.55
Car,Hybrid,2006,42.4,40741.3474,2,5,0,0.147454717,224.05
Car,Hybrid,2007,33.3,39719.27956,5,7,0,0.16679009,281.75
Car,Hybrid,2008,31.8,37746.73043,6,8,0,0.171039623,299.43
Car,Hybrid,2009,32.3,37633.4673,6,8,0,0.169579257,293.75
Car,Hybrid,2010,34.5,37254.57126,8,13,0,0.163656522,276.5
Car,Hybrid,2011,33.6,36336.04847,11,20,0,0.165985714,285.2
Car,Hybrid,2012,34.2,34804.54481,12,25,0,0.164419298,280.1
Car,Hybrid,2013,35.3,34822.56518,15,34,0,0.161685836,265.21
Car,Hybrid,2014,34.8,34394.58617,15,40,0,0.162906897,270.95
Car,Hybrid,2015,35.5,35237.03096,12,33,0,0.161207042,261.42
Car,Hybrid,2016,36.8,35252.33528,14,31,0,0.158221739,253.65
Car,Hybrid,2017,40.4,34769.7517,11,29,0,0.150957426,242.55
Car,Hybrid,2018,45.88043378,40410.20483,11.69230769,38.30769231,0,0.153837421,
Car,Hybrid,2019,46.56864028,40410.20483,12.38461538,47.61538462,0,0.152216834,
Car,Hybrid,2020,47.26716989,40410.20483,13.07692308,56.92307692,0,0.150596248,
Car,Hybrid,2021,47.97617744,40410.20483,13.76923077,66.23076923,0,0.148975661,
Car,Hybrid,2022,48.6958201,40410.20483,14.46153846,75.53846154,0,0.147355075,
Car,Hybrid,2023,49.4262574,40410.20483,15.15384615,84.84615385,0,0.145734489,
Car,Hybrid,2024,50.16765126,40410.20483,15.84615385,94.15384615,0,0.144113902,
Car,Hybrid,2025,50.92016603,40410.20483,16.53846154,103.4615385,0,0.142493316,
Car,Hybrid,2026,51.68396852,40410.20483,17.23076923,112.7692308,0,0.14087273,
Car,Hybrid,2027,52.45922805,40410.20483,17.92307692,122.0769231,0,0.139252143,
Car,Hybrid,2028,53.24611647,40410.20483,18.61538462,131.3846154,0,0.137631557,
Car,Hybrid,2029,54.04480821,40410.20483,19.30769231,140.6923077,0,0.136010971,
Car,Hybrid,2030,54.85548034,40410.20483,20,150,0,0.134390384,
Car,Hybrid,2031,55.67831254,40410.20483,19.5,143.5,0,0.132769798,
Car,Hybrid,2032,56.51348723,40410.20483,19,137,0,0.131149211,
Car,Hybrid,2033,57.36118954,40410.20483,18.5,130.5,0,0.129528625,
Car,Hybrid,2034,58.22160738,40410.20483,18,124,0,0.127908039,
Car,Hybrid,2035,59.09493149,40410.20483,17.5,117.5,0,0.126287452,
Car,Hybrid,2036,59.98135547,40410.20483,17,111,0,0.124666866,
Car,Hybrid,2037,60.8810758,40410.20483,16.5,104.5,0,0.12304628,
Car,Hybrid,2038,61.79429194,40410.20483,16,98,0,0.121425693,
Car,Hybrid,2039,62.72120631,40410.20483,15.5,91.5,0,0.119805107,
Car,Hybrid,2040,63.66202441,40410.20483,15,85,0,0.11818452,
Car,Hybrid,2041,64.61695477,40410.20483,14.5,78.5,0,0.116563934,
Car,Hybrid,2042,65.5862091,40410.20483,14,72,0,0.114943348,
Car,Hybrid,2043,66.57000223,40410.20483,13.5,65.5,0,0.113322761,
Car,Hybrid,2044,67.56855227,40410.20483,13,59,0,0.111702175,
Car,Hybrid,2045,68.58208055,40410.20483,12.5,52.5,0,0.110081589,
Car,Hybrid,2046,69.61081176,40410.20483,12,46,0,0.108461002,
Car,Hybrid,2047,70.65497394,40410.20483,11.5,39.5,0,0.106840416,
Car,Hybrid,2048,71.71479854,40410.20483,11,33,0,0.10521983,
Car,Hybrid,2049,72.79052052,40410.20483,10.5,26.5,0,0.103599243,
Car,Hybrid,2050,73.88237833,40410.20483,10,20,0,0.101978657,
Car,PEV,2011,37,38741.26195,1,1,0,0.157781081,84
Car,PEV,2012,35.7,47444.73245,3,3,0,0.160733613,129.67
Car,PEV,2013,40.8,52370.99125,3,4,0,0.150229412,118
Car,PEV,2014,35.1,44172.85443,8,10,0,0.162170086,160
Car,PEV,2015,32.1,55150.60558,8,11,0,0.170157944,181.55
Car,PEV,2016,33.8,65356.24918,8,14,0,0.165457396,142.21
Car,PEV,2017,35.1,56882.64178,9,14,0,0.162170086,138.64
Car,PEV,2018,40.16750709,56980.08551,9.846153846,20.61538462,0,0.183782957,
Car,PEV,2019,40.77001969,56980.08551,10.69230769,27.23076923,0,0.183782957,
Car,PEV,2020,41.38156999,56980.08551,11.53846154,33.84615385,0,0.183782957,
Car,PEV,2021,42.00229354,56980.08551,12.38461538,40.46153846,0,0.183782957,
Car,PEV,2022,42.63232794,56980.08551,13.23076923,47.07692308,0,0.183782957,
Car,PEV,2023,43.27181286,56980.08551,14.07692308,53.69230769,0,0.183782957,
Car,PEV,2024,43.92089005,56980.08551,14.92307692,60.30769231,0,0.183782957,
Car,PEV,2025,44.57970341,56980.08551,15.76923077,66.92307692,0,0.183782957,
Car,PEV,2026,45.24839896,56980.08551,16.61538462,73.53846154,0,0.183782957,
Car,PEV,2027,45.92712494,56980.08551,17.46153846,80.15384615,0,0.183782957,
Car,PEV,2028,46.61603181,56980.08551,18.30769231,86.76923077,0,0.183782957,
Car,PEV,2029,47.31527229,56980.08551,19.15384615,93.38461538,0,0.183782957,
Car,PEV,2030,48.02500138,56980.08551,20,100,0,0.183782957,
Car,PEV,2031,48.7453764,56980.08551,20.25,95.5,0,0.183782957,
Car,PEV,2032,49.47655704,56980.08551,20.5,91,0,0.183782957,
Car,PEV,2033,50.2187054,56980.08551,20.75,86.5,0,0.183782957,
Car,PEV,2034,50.97198598,56980.08551,21,82,0,0.183782957,
Car,PEV,2035,51.73656577,56980.08551,21.25,77.5,0,0.183782957,
Car,PEV,2036,52.51261426,56980.08551,21.5,73,0,0.183782957,
Car,PEV,2037,53.30030347,56980.08551,21.75,68.5,0,0.183782957,
Car,PEV,2038,54.09980802,56980.08551,22,64,0,0.183782957,
Car,PEV,2039,54.91130514,56980.08551,22.25,59.5,0,0.183782957,
Car,PEV,2040,55.73497472,56980.08551,22.5,55,0,0.183782957,
Car,PEV,2041,56.57099934,56980.08551,22.75,50.5,0,0.183782957,
Car,PEV,2042,57.41956433,56980.08551,23,46,0,0.183782957,
Car,PEV,2043,58.2808578,56980.08551,23.25,41.5,0,0.183782957,
Car,PEV,2044,59.15507066,56980.08551,23.5,37,0,0.183782957,
Car,PEV,2045,60.04239672,56980.08551,23.75,32.5,0,0.183782957,
Car,PEV,2046,60.94303267,56980.08551,24,28,0,0.183782957,
Car,PEV,2047,61.85717816,56980.08551,24.25,23.5,0,0.183782957,
Car,PEV,2048,62.78503584,56980.08551,24.5,19,0,0.183782957,
Car,PEV,2049,63.72681137,56980.08551,24.75,14.5,0,0.183782957,
Car,PEV,2050,64.68271354,56980.08551,25,10,0,0.183782957,
Car-AV,BEV,2010,110,60000,1,10,150,0.1,
Car-AV,BEV,2011,111.65,60000,1,10,152.25,0.1,
Car-AV,BEV,2012,113.32475,60000,1,10,154.53375,0.1,
Car-AV,BEV,2013,115.0246212,60000,1,10,156.8517562,0.1,
Car-AV,BEV,2014,116.7499906,60000,1,10,159.2045326,0.1,
Car-AV,BEV,2015,118.5012404,60000,1,10,161.5926006,0.1,
Car-AV,BEV,2016,120.278759,60000,1,10,164.0164896,0.1,
Car-AV,BEV,2017,122.0829404,60000,1,10,166.4767369,0.1,
Car-AV,BEV,2018,123.9141845,60000,1,10,168.973888,0.1,
Car-AV,BEV,2019,125.7728973,60000,1,10,171.5084963,0.1,
Car-AV,BEV,2020,127.6594908,60000,1,10,174.0811238,0.1,
Car-AV,BEV,2021,129.5743831,60000,1,10,176.6923406,0.1,
Car-AV,BEV,2022,131.5179989,60000,1,10,179.3427257,0.1,
Car-AV,BEV,2023,133.4907688,60000,1,10,182.0328666,0.1,
Car-AV,BEV,2024,135.4931304,60000,1,10,184.7633596,0.1,
Car-AV,BEV,2025,137.5255273,60000,1,10,187.53481,0.1,
Car-AV,BEV,2026,139.5884102,60000,1,10,190.3478321,0.1,
Car-AV,BEV,2027,141.6822364,60000,1,10,193.2030496,0.1,
Car-AV,BEV,2028,143.8074699,60000,1,10,196.1010954,0.1,
Car-AV,BEV,2029,145.964582,60000,1,10,199.0426118,0.1,
Car-AV,BEV,2030,148.1540507,60000,1,10,202.028251,0.1,
Car-AV,BEV,2031,150.3763615,60000,1.7,17,205.0586747,0.1,
Car-AV,BEV,2032,152.6320069,60000,2.4,24,208.1345549,0.1,
Car-AV,BEV,2033,154.921487,60000,3.1,31,211.2565732,0.1,
Car-AV,BEV,2034,157.2453093,60000,3.8,38,214.4254218,0.1,
Car-AV,BEV,2035,159.603989,60000,4.5,45,217.6418031,0.1,
Car-AV,BEV,2036,161.9980488,60000,5.2,52,220.9064302,0.1,
Car-AV,BEV,2037,164.4280195,60000,5.9,59,224.2200266,0.1,
Car-AV,BEV,2038,166.8944398,60000,6.6,66,227.583327,0.1,
Car-AV,BEV,2039,169.3978564,60000,7.3,73,230.9970769,0.1,
Car-AV,BEV,2040,171.9388243,60000,8,80,234.4620331,0.1,
Car-AV,BEV,2041,174.5179066,60000,8.7,87,237.9789636,0.1,
Car-AV,BEV,2042,177.1356752,60000,9.4,94,241.548648,0.1,
Car-AV,BEV,2043,179.7927103,60000,10.1,101,245.1718777,0.1,
Car-AV,BEV,2044,182.489601,60000,10.8,108,248.8494559,0.1,
Car-AV,BEV,2045,185.226945,60000,11.5,115,252.5821977,0.1,
Car-AV,BEV,2046,188.0053492,60000,12.2,122,256.3709307,0.1,
Car-AV,BEV,2047,190.8254294,60000,12.9,129,260.2164947,0.1,
Car-AV,BEV,2048,193.6878109,60000,13.6,136,264.1197421,0.1,
Car-AV,BEV,2049,196.593128,60000,14.3,143,268.0815382,0.1,
Car-AV,BEV,2050,199.542025,60000,15,150,272.1027613,0.1,
Car-AV,PEV,2010,35,60000,1,5,0,0.15,
Car-AV,PEV,2011,35.525,60000,1,5,0,0.15,
Car-AV,PEV,2012,36.057875,60000,1,5,0,0.15,
Car-AV,PEV,2013,36.59874312,60000,1,5,0,0.15,
Car-AV,PEV,2014,37.14772427,60000,1,5,0,0.15,
Car-AV,PEV,2015,37.70494014,60000,1,5,0,0.15,
Car-AV,PEV,2016,38.27051424,60000,1,5,0,0.15,
Car-AV,PEV,2017,38.84457195,60000,1,5,0,0.15,
Car-AV,PEV,2018,39.42724053,60000,1,5,0,0.15,
Car-AV,PEV,2019,40.01864914,60000,1,5,0,0.15,
Car-AV,PEV,2020,40.61892888,60000,1,5,0,0.15,
Car-AV,PEV,2021,41.22821281,60000,1,5,0,0.15,
Car-AV,PEV,2022,41.846636,60000,1,5,0,0.15,
Car-AV,PEV,2023,42.47433554,60000,1,5,0,0.15,
Car-AV,PEV,2024,43.11145057,60000,1,5,0,0.15,
Car-AV,PEV,2025,43.75812233,60000,1,5,0,0.15,
Car-AV,PEV,2026,44.41449417,60000,1,5,0,0.15,
Car-AV,PEV,2027,45.08071158,60000,1,5,0,0.15,
Car-AV,PEV,2028,45.75692225,60000,1,5,0,0.15,
Car-AV,PEV,2029,46.44327609,60000,1,5,0,0.15,
Car-AV,PEV,2030,47.13992523,60000,1,5,0,0.15,
Car-AV,PEV,2031,47.84702411,60000,1.45,7.25,0,0.15,
Car-AV,PEV,2032,48.56472947,60000,1.9,9.5,0,0.15,
Car-AV,PEV,2033,49.29320041,60000,2.35,11.75,0,0.15,
Car-AV,PEV,2034,50.03259842,60000,2.8,14,0,0.15,
Car-AV,PEV,2035,50.78308739,60000,3.25,16.25,0,0.15,
Car-AV,PEV,2036,51.5448337,60000,3.7,18.5,0,0.15,
Car-AV,PEV,2037,52.31800621,60000,4.15,20.75,0,0.15,
Car-AV,PEV,2038,53.1027763,60000,4.6,23,0,0.15,
Car-AV,PEV,2039,53.89931795,60000,5.05,25.25,0,0.15,
Car-AV,PEV,2040,54.70780772,60000,5.5,27.5,0,0.15,
Car-AV,PEV,2041,55.52842483,60000,5.95,29.75,0,0.15,
Car-AV,PEV,2042,56.36135121,60000,6.4,32,0,0.15,
Car-AV,PEV,2043,57.20677147,60000,6.85,34.25,0,0.15,
Car-AV,PEV,2044,58.06487305,60000,7.3,36.5,0,0.15,
Car-AV,PEV,2045,58.93584614,60000,7.75,38.75,0,0.15,
Car-AV,PEV,2046,59.81988383,60000,8.2,41,0,0.15,
Car-AV,PEV,2047,60.71718209,60000,8.65,43.25,0,0.15,
Car-AV,PEV,2048,61.62793982,60000,9.1,45.5,0,0.15,
Car-AV,PEV,2049,62.55235892,60000,9.55,47.75,0,0.15,
Car-AV,PEV,2050,63.4906443,60000,10,50,0,0.15,
Motorcycle,BEV,2008,240,11382.15714,1,1,80,0.0808,0
Motorcycle,BEV,2009,240,11382.15714,1,1,80,0.0808,0
Motorcycle,BEV,2010,240,11382.15714,1,1,80,0.0808,0
Motorcycle,BEV,2011,240,11382.15714,1,1,80,0.0808,0
Motorcycle,BEV,2012,240,13939.23102,1,1,80,0.0808,0
Motorcycle,BEV,2013,240,15386.5626,1,1,80,0.0808,0
Motorcycle,BEV,2014,240,12977.95542,1,1,80,0.0808,0
Motorcycle,BEV,2015,240,16203.21145,1,1,80,0.0808,0
Motorcycle,BEV,2016,240,19201.6228,2,2,80,0.0808,0
Motorcycle,BEV,2017,240,16712.08255,2,2,80,0.0808,0
Motorcycle,BEV,2018,308.9808238,16740.71145,2,2.615384615,102.9936079,0.0808,
Motorcycle,BEV,2019,313.6155361,16740.71145,2,3.230769231,104.538512,0.0808,
Motorcycle,BEV,2020,318.3197691,16740.71145,2,3.846153846,106.1065897,0.0808,
Motorcycle,BEV,2021,323.0945657,16740.71145,2,4.461538462,107.6981886,0.0808,
Motorcycle,BEV,2022,327.9409842,16740.71145,2,5.076923077,109.3136614,0.0808,
Motorcycle,BEV,2023,332.8600989,16740.71145,2,5.692307692,110.9533663,0.0808,
Motorcycle,BEV,2024,337.8530004,16740.71145,2,6.307692308,112.6176668,0.0808,
Motorcycle,BEV,2025,342.9207954,16740.71145,2,6.923076923,114.3069318,0.0808,
Motorcycle,BEV,2026,348.0646074,16740.71145,2,7.538461538,116.0215358,0.0808,
Motorcycle,BEV,2027,353.2855765,16740.71145,2,8.153846154,117.7618588,0.0808,
Motorcycle,BEV,2028,358.5848601,16740.71145,2,8.769230769,119.5282867,0.0808,
Motorcycle,BEV,2029,363.963633,16740.71145,2,9.384615385,121.321211,0.0808,
Motorcycle,BEV,2030,369.4230875,16740.71145,2,10,123.1410292,0.0808,
Motorcycle,BEV,2031,374.9644338,16740.71145,2.2,10.5,124.9881446,0.0808,
Motorcycle,BEV,2032,380.5889003,16740.71145,2.4,11,126.8629668,0.0808,
Motorcycle,BEV,2033,386.2977338,16740.71145,2.6,11.5,128.7659113,0.0808,
Motorcycle,BEV,2034,392.0921998,16740.71145,2.8,12,130.6973999,0.0808,
Motorcycle,BEV,2035,397.9735828,16740.71145,3,12.5,132.6578609,0.0808,
Motorcycle,BEV,2036,403.9431866,16740.71145,3.2,13,134.6477289,0.0808,
Motorcycle,BEV,2037,410.0023344,16740.71145,3.4,13.5,136.6674448,0.0808,
Motorcycle,BEV,2038,416.1523694,16740.71145,3.6,14,138.7174565,0.0808,
Motorcycle,BEV,2039,422.3946549,16740.71145,3.8,14.5,140.7982183,0.0808,
Motorcycle,BEV,2040,428.7305748,16740.71145,4,15,142.9101916,0.0808,
Motorcycle,BEV,2041,435.1615334,16740.71145,4.2,15.5,145.0538445,0.0808,
Motorcycle,BEV,2042,441.6889564,16740.71145,4.4,16,147.2296521,0.0808,
Motorcycle,BEV,2043,448.3142907,16740.71145,4.6,16.5,149.4380969,0.0808,
Motorcycle,BEV,2044,455.0390051,16740.71145,4.8,17,151.6796684,0.0808,
Motorcycle,BEV,2045,461.8645902,16740.71145,5,17.5,153.9548634,0.0808,
Motorcycle,BEV,2046,468.792559,16740.71145,5.2,18,156.2641863,0.0808,
Motorcycle,BEV,2047,475.8244474,16740.71145,5.4,18.5,158.6081491,0.0808,
Motorcycle,BEV,2048,482.9618141,16740.71145,5.6,19,160.9872714,0.0808,
Motorcycle,BEV,2049,490.2062413,16740.71145,5.8,19.5,163.4020804,0.0808,
Motorcycle,BEV,2050,497.5593349,16740.71145,6,20,165.8531116,0.0808,
Motorcycle,Gas,1998,53,13641.33109,15,40,0,0.124903774,365.46
Motorcycle,Gas,1999,53,13464.35949,10,20,0,0.124903774,365.46
Motorcycle,Gas,2000,53,13607.82029,10,22,0,0.124903774,365.46
Motorcycle,Gas,2001,53,13083.99561,15,33,0,0.124903774,365.46
Motorcycle,Gas,2002,53,13090.92308,13,31,0,0.124903774,365.46
Motorcycle,Gas,2003,53,13166.74322,11,30,0,0.124903774,365.46
Motorcycle,Gas,2004,53,13303.59196,10,26,0,0.124903774,365.46
Motorcycle,Gas,2005,53,13145.7269,12,27,0,0.124903774,365.46
Motorcycle,Gas,2006,53,13511.4417,12,33,0,0.124903774,365.46
Motorcycle,Gas,2007,53,13172.48359,12,32,0,0.124903774,365.46
Motorcycle,Gas,2008,53,12518.30831,11,28,0,0.124903774,365.46
Motorcycle,Gas,2009,53,12480.74577,12,30,0,0.124903774,365.46
Motorcycle,Gas,2010,53,12355.08887,11,29,0,0.124903774,365.46
Motorcycle,Gas,2011,53,12050.47039,12,26,0,0.124903774,365.46
Motorcycle,Gas,2012,53,11542.56322,12,25,0,0.124903774,365.46
Motorcycle,Gas,2013,53,11548.53949,12,30,0,0.124903774,365.46
Motorcycle,Gas,2014,53,11406.60473,11,30,0,0.124903774,365.46
Motorcycle,Gas,2015,53,11685.99273,11,30,0,0.124903774,365.46
Motorcycle,Gas,2016,53,11691.06825,13,28,0,0.124903774,365.46
Motorcycle,Gas,2017,53,11531.02445,11,23,0,0.124903774,365.46
Motorcycle,Gas,2018,68.23326525,13401.62173,10.76923077,22.38461538,0,0.124903774,
Motorcycle,Gas,2019,69.25676422,13401.62173,10.53846154,21.76923077,0,0.124903774,
Motorcycle,Gas,2020,70.29561569,13401.62173,10.30769231,21.15384615,0,0.124903774,
Motorcycle,Gas,2021,71.35004992,13401.62173,10.07692308,20.53846154,0,0.124903774,
Motorcycle,Gas,2022,72.42030067,13401.62173,9.846153846,19.92307692,0,0.124903774,
Motorcycle,Gas,2023,73.50660518,13401.62173,9.615384615,19.30769231,0,0.124903774,
Motorcycle,Gas,2024,74.60920426,13401.62173,9.384615385,18.69230769,0,0.124903774,
Motorcycle,Gas,2025,75.72834232,13401.62173,9.153846154,18.07692308,0,0.124903774,
Motorcycle,Gas,2026,76.86426746,13401.62173,8.923076923,17.46153846,0,0.124903774,
Motorcycle,Gas,2027,78.01723147,13401.62173,8.692307692,16.84615385,0,0.124903774,
Motorcycle,Gas,2028,79.18748994,13401.62173,8.461538462,16.23076923,0,0.124903774,
Motorcycle,Gas,2029,80.37530229,13401.62173,8.230769231,15.61538462,0,0.124903774,
Motorcycle,Gas,2030,81.58093183,13401.62173,8,15,0,0.124903774,
Motorcycle,Gas,2031,82.8046458,13401.62173,7.8,14.75,0,0.124903774,
Motorcycle,Gas,2032,84.04671549,13401.62173,7.6,14.5,0,0.124903774,
Motorcycle,Gas,2033,85.30741622,13401.62173,7.4,14.25,0,0.124903774,
Motorcycle,Gas,2034,86.58702747,13401.62173,7.2,14,0,0.124903774,
Motorcycle,Gas,2035,87.88583288,13401.62173,7,13.75,0,0.124903774,
Motorcycle,Gas,2036,89.20412037,13401.62173,6.8,13.5,0,0.124903774,
Motorcycle,Gas,2037,90.54218218,13401.62173,6.6,13.25,0,0.124903774,
Motorcycle,Gas,2038,91.90031491,13401.62173,6.4,13,0,0.124903774,
Motorcycle,Gas,2039,93.27881963,13401.62173,6.2,12.75,0,0.124903774,
Motorcycle,Gas,2040,94.67800193,13401.62173,6,12.5,0,0.124903774,
Motorcycle,Gas,2041,96.09817196,13401.62173,5.8,12.25,0,0.124903774,
Motorcycle,Gas,2042,97.53964454,13401.62173,5.6,12,0,0.124903774,
Motorcycle,Gas,2043,99.0027392,13401.62173,5.4,11.75,0,0.124903774,
Motorcycle,Gas,2044,100.4877803,13401.62173,5.2,11.5,0,0.124903774,
Motorcycle,Gas,2045,101.995097,13401.62173,5,11.25,0,0.124903774,
Motorcycle,Gas,2046,103.5250235,13401.62173,4.8,11,0,0.124903774,
Motorcycle,Gas,2047,105.0778988,13401.62173,4.6,10.75,0,0.124903774,
Motorcycle,Gas,2048,106.6540673,13401.62173,4.4,10.5,0,0.124903774,
Motorcycle,Gas,2049,108.2538783,13401.62173,4.2,10.25,0,0.124903774,
Motorcycle,Gas,2050,109.8776865,13401.62173,4,10,0,0.124903774,
Pickup,BEV,2018,90.11940693,66267.63264,0.307692308,2.307692308,168.973888,0.265118182,
Pickup,BEV,2019,91.47119803,66267.63264,0.615384615,4.615384615,171.5084963,0.265118182,
Pickup,BEV,2020,92.843266,66267.63264,0.923076923,6.923076923,174.0811238,0.265118182,
Pickup,BEV,2021,94.23591499,66267.63264,1.230769231,9.230769231,176.6923406,0.265118182,
Pickup,BEV,2022,95.64945372,66267.63264,1.538461538,11.53846154,179.3427257,0.265118182,
Pickup,BEV,2023,97.08419552,66267.63264,1.846153846,13.84615385,182.0328666,0.265118182,
Pickup,BEV,2024,98.54045846,66267.63264,2.153846154,16.15384615,184.7633596,0.265118182,
Pickup,BEV,2025,100.0185653,66267.63264,2.461538462,18.46153846,187.53481,0.265118182,
Pickup,BEV,2026,101.5188438,66267.63264,2.769230769,20.76923077,190.3478321,0.265118182,
Pickup,BEV,2027,103.0416265,66267.63264,3.076923077,23.07692308,193.2030496,0.265118182,
Pickup,BEV,2028,104.5872509,66267.63264,3.384615385,25.38461538,196.1010954,0.265118182,
Pickup,BEV,2029,106.1560596,66267.63264,3.692307692,27.69230769,199.0426118,0.265118182,
Pickup,BEV,2030,107.7484005,66267.63264,4,30,202.028251,0.265118182,
Pickup,BEV,2031,109.3646265,66267.63264,3.95,30.75,205.0586747,0.265118182,
Pickup,BEV,2032,111.0050959,66267.63264,3.9,31.5,208.1345549,0.265118182,
Pickup,BEV,2033,112.6701724,66267.63264,3.85,32.25,211.2565732,0.265118182,
Pickup,BEV,2034,114.360225,66267.63264,3.8,33,214.4254218,0.265118182,
Pickup,BEV,2035,116.0756283,66267.63264,3.75,33.75,217.6418031,0.265118182,
Pickup,BEV,2036,117.8167628,66267.63264,3.7,34.5,220.9064302,0.265118182,
Pickup,BEV,2037,119.5840142,66267.63264,3.65,35.25,224.2200266,0.265118182,
Pickup,BEV,2038,121.3777744,66267.63264,3.6,36,227.583327,0.265118182,
Pickup,BEV,2039,123.198441,66267.63264,3.55,36.75,230.9970769,0.265118182,
Pickup,BEV,2040,125.0464176,66267.63264,3.5,37.5,234.4620331,0.265118182,
Pickup,BEV,2041,126.9221139,66267.63264,3.45,38.25,237.9789636,0.265118182,
Pickup,BEV,2042,128.8259456,66267.63264,3.4,39,241.548648,0.265118182,
Pickup,BEV,2043,130.7583348,66267.63264,3.35,39.75,245.1718777,0.265118182,
Pickup,BEV,2044,132.7197098,66267.63264,3.3,40.5,248.8494559,0.265118182,
Pickup,BEV,2045,134.7105055,66267.63264,3.25,41.25,252.5821977,0.265118182,
Pickup,BEV,2046,136.731163,66267.63264,3.2,42,256.3709307,0.265118182,
Pickup,BEV,2047,138.7821305,66267.63264,3.15,42.75,260.2164947,0.265118182,
Pickup,BEV,2048,140.8638625,66267.63264,3.1,43.5,264.1197421,0.265118182,
Pickup,BEV,2049,142.9768204,66267.63264,3.05,44.25,268.0815382,0.265118182,
Pickup,BEV,2050,145.1214727,66267.63264,3,45,272.1027613,0.265118182,
Pickup,Diesel,1998,15,47126.2457,2,4,0,0.2833,678.67
Pickup,Diesel,2011,20,41630.35298,1,1,0,0.2333,509
Pickup,Diesel,2014,22.5,39406.01202,1,2,0,0.216633333,450.5
Pickup,Diesel,2015,23,40371.20431,1,3,0,0.213734783,443.67
Pickup,Diesel,2016,23.6,40388.73853,3,7,0,0.210418644,434.71
Pickup,Diesel,2017,23,39835.84063,3,7,0,0.213734783,448.43
Pickup,Diesel,2018,18.03997414,46298.12987,2.944444444,6.888888889,0,0.205366797,
Pickup,Diesel,2019,18.31057375,46298.12987,2.888888889,6.777777778,0,0.202270857,
Pickup,Diesel,2020,18.58523236,46298.12987,2.833333333,6.666666667,0,0.199174917,
Pickup,Diesel,2021,18.86401084,46298.12987,2.777777778,6.555555556,0,0.196078977,
Pickup,Diesel,2022,19.146971,46298.12987,2.722222222,6.444444444,0,0.192983037,
Pickup,Diesel,2023,19.43417557,46298.12987,2.666666667,6.333333333,0,0.189887097,
Pickup,Diesel,2024,19.7256882,46298.12987,2.611111111,6.222222222,0,0.186791157,
Pickup,Diesel,2025,20.02157352,46298.12987,2.555555556,6.111111111,0,0.183695217,
Pickup,Diesel,2026,20.32189713,46298.12987,2.5,6,0,0.180599277,
Pickup,Diesel,2027,20.62672558,46298.12987,2.444444444,5.888888889,0,0.177503337,
Pickup,Diesel,2028,20.93612647,46298.12987,2.388888889,5.777777778,0,0.174407397,
Pickup,Diesel,2029,21.25016837,46298.12987,2.333333333,5.666666667,0,0.171311457,
Pickup,Diesel,2030,21.56892089,46298.12987,2.277777778,5.555555556,0,0.168215517,
Pickup,Diesel,2031,21.8924547,46298.12987,2.222222222,5.444444444,0,0.165119578,
Pickup,Diesel,2032,22.22084152,46298.12987,2.166666667,5.333333333,0,0.162023638,
Pickup,Diesel,2033,22.55415415,46298.12987,2.111111111,5.222222222,0,0.158927698,
Pickup,Diesel,2034,22.89246646,46298.12987,2.055555556,5.111111111,0,0.155831758,
Pickup,Diesel,2035,23.23585346,46298.12987,2,5,0,0.152735818,
Pickup,Diesel,2036,23.58439126,46298.12987,2,5,0,0.149639878,
Pickup,Diesel,2037,23.93815713,46298.12987,2,5,0,0.146543938,
Pickup,Diesel,2038,24.29722948,46298.12987,2,5,0,0.143447998,
Pickup,Diesel,2039,24.66168793,46298.12987,2,5,0,0.140352058,
Pickup,Diesel,2040,25.03161325,46298.12987,2,5,0,0.137256118,
Pickup,Diesel,2041,25.40708744,46298.12987,2,5,0,0.134160178,
Pickup,Diesel,2042,25.78819376,46298.12987,2,5,0,0.131064238,
Pickup,Diesel,2043,26.17501666,46298.12987,2,5,0,0.127968298,
Pickup,Diesel,2044,26.56764191,46298.12987,2,5,0,0.124872359,
Pickup,Diesel,2045,26.96615654,46298.12987,2,5,0,0.121776419,
Pickup,Diesel,2046,27.37064889,46298.12987,2,5,0,0.118680479,
Pickup,Diesel,2047,27.78120862,46298.12987,2,5,0,0.115584539,
Pickup,Diesel,2048,28.19792675,46298.12987,2,5,0,0.112488599,
Pickup,Diesel,2049,28.62089565,46298.12987,2,5,0,0.109392659,
Pickup,Diesel,2050,29.05020909,46298.12987,2,5,0,0.106296719,
Pickup,Gas,1998,16.1,39271.87141,8,124,0,0.269635404,561.74
Pickup,Gas,1999,16,38762.38991,8,119,0,0.2708,566.51
Pickup,Gas,2000,16.5,39175.39755,8,119,0,0.265118182,550.73
Pickup,Gas,2001,16,37667.36471,8,126,0,0.2708,566.42
Pickup,Gas,2002,15.7,37687.3081,9,127,0,0.274382803,577.81
Pickup,Gas,2003,15.8,37905.58585,8,127,0,0.273173418,571.99
Pickup,Gas,2004,16.3,38299.55811,7,140,0,0.26734908,557.48
Pickup,Gas,2005,16.4,37845.08219,7,127,0,0.266226829,556.04
Pickup,Gas,2006,16.2,38897.93434,12,151,0,0.268485185,561
Pickup,Gas,2007,16.1,37922.11173,12,162,0,0.269635404,558.22
Pickup,Gas,2008,16.3,36038.81401,14,148,0,0.26734908,556.44
Pickup,Gas,2009,16.8,35930.67567,11,138,0,0.261871429,534.88
Pickup,Gas,2010,17.2,35568.92344,10,108,0,0.257718605,525.8
Pickup,Gas,2011,17.3,34691.96081,8,110,0,0.256710405,522.85
Pickup,Gas,2012,17.3,33229.7527,8,100,0,0.256710405,520.49
Pickup,Gas,2013,16.9,33246.9577,7,69,0,0.260814793,532.93
Pickup,Gas,2014,17.1,32838.34335,8,65,0,0.258738597,531.12
Pickup,Gas,2015,18.6,33642.67026,6,66,0,0.244590323,485.79
Pickup,Gas,2016,18.5,33657.28211,7,72,0,0.245462162,488.18
Pickup,Gas,2017,18.5,33196.53386,8,84,0,0.245462162,488.67
Pickup,Gas,2018,22.75515025,38581.77489,7.722222222,80.44444444,0,0.243607748,
Pickup,Gas,2019,23.0964775,38581.77489,7.444444444,76.88888889,0,0.241459263,
Pickup,Gas,2020,23.44292467,38581.77489,7.166666667,73.33333333,0,0.239310778,
Pickup,Gas,2021,23.79456854,38581.77489,6.888888889,69.77777778,0,0.237162293,
Pickup,Gas,2022,24.15148706,38581.77489,6.611111111,66.22222222,0,0.235013808,
Pickup,Gas,2023,24.51375937,38581.77489,6.333333333,62.66666667,0,0.232865322,
Pickup,Gas,2024,24.88146576,38581.77489,6.055555556,59.11111111,0,0.230716837,
Pickup,Gas,2025,25.25468775,38581.77489,5.777777778,55.55555556,0,0.228568352,
Pickup,Gas,2026,25.63350806,38581.77489,5.5,52,0,0.226419867,
Pickup,Gas,2027,26.01801068,38581.77489,5.222222222,48.44444444,0,0.224271382,
Pickup,Gas,2028,26.40828084,38581.77489,4.944444444,44.88888889,0,0.222122897,
Pickup,Gas,2029,26.80440506,38581.77489,4.666666667,41.33333333,0,0.219974412,
Pickup,Gas,2030,27.20647113,38581.77489,4.388888889,37.77777778,0,0.217825926,
Pickup,Gas,2031,27.6145682,38581.77489,4.111111111,34.22222222,0,0.215677441,
Pickup,Gas,2032,28.02878672,38581.77489,3.833333333,30.66666667,0,0.213528956,
Pickup,Gas,2033,28.44921852,38581.77489,3.555555556,27.11111111,0,0.211380471,
Pickup,Gas,2034,28.8759568,38581.77489,3.277777778,23.55555556,0,0.209231986,
Pickup,Gas,2035,29.30909615,38581.77489,3,20,0,0.207083501,
Pickup,Gas,2036,29.7487326,38581.77489,3,20,0,0.204935016,
Pickup,Gas,2037,30.19496358,38581.77489,3,20,0,0.20278653,
Pickup,Gas,2038,30.64788804,38581.77489,3,20,0,0.200638045,
Pickup,Gas,2039,31.10760636,38581.77489,3,20,0,0.19848956,
Pickup,Gas,2040,31.57422045,38581.77489,3,20,0,0.196341075,
Pickup,Gas,2041,32.04783376,38581.77489,3,20,0,0.19419259,
Pickup,Gas,2042,32.52855127,38581.77489,3,20,0,0.192044105,
Pickup,Gas,2043,33.01647954,38581.77489,3,20,0,0.18989562,
Pickup,Gas,2044,33.51172673,38581.77489,3,20,0,0.187747134,
Pickup,Gas,2045,34.01440263,38581.77489,3,20,0,0.185598649,
Pickup,Gas,2046,34.52461867,38581.77489,3,20,0,0.183450164,
Pickup,Gas,2047,35.04248795,38581.77489,3,20,0,0.181301679,
Pickup,Gas,2048,35.56812527,38581.77489,3,20,0,0.179153194,
Pickup,Gas,2049,36.10164715,38581.77489,3,20,0,0.177004709,
Pickup,Gas,2050,36.64317186,38581.77489,3,20,0,0.174856224,
Pickup,Hybrid,2004,16.5,42129.51392,2,4,0,0.265118182,539.1
Pickup,Hybrid,2005,16.5,41629.5904,2,4,0,0.265118182,539.1
Pickup,Hybrid,2006,16.5,42787.72777,2,4,0,0.265118182,539.1
Pickup,Hybrid,2007,16.5,41714.3229,2,4,0,0.265118182,539.1
Pickup,Hybrid,2009,20.5,39523.74323,2,4,0,0.229641463,433.77
Pickup,Hybrid,2010,21.5,39125.81578,2,4,0,0.222834884,413.57
Pickup,Hybrid,2011,21,38161.1569,2,4,0,0.226157143,423.19
Pickup,Hybrid,2012,21,36552.72796,2,4,0,0.226157143,423.19
Pickup,Hybrid,2013,21,36571.65347,2,4,0,0.226157143,420.5
Pickup,Hybrid,2016,19,37023.01032,2,4,0,0.241194737,468
Pickup,Hybrid,2017,19,36516.18724,2,4,0,0.241194737,467.5
Pickup,Hybrid,2018,19.71362027,42439.95238,2,4.461538462,0,0.247395871,
Pickup,Hybrid,2019,20.00932457,42439.95238,2,4.923076923,0,0.250537029,
Pickup,Hybrid,2020,20.30946444,42439.95238,2,5.384615385,0,0.253678188,
Pickup,Hybrid,2021,20.6141064,42439.95238,2,5.846153846,0,0.256819346,
Pickup,Hybrid,2022,20.923318,42439.95238,2,6.307692308,0,0.259960505,
Pickup,Hybrid,2023,21.23716777,42439.95238,2,6.769230769,0,0.263101664,
Pickup,Hybrid,2024,21.55572529,42439.95238,2,7.230769231,0,0.266242822,
Pickup,Hybrid,2025,21.87906117,42439.95238,2,7.692307692,0,0.269383981,
Pickup,Hybrid,2026,22.20724708,42439.95238,2,8.153846154,0,0.272525139,
Pickup,Hybrid,2027,22.54035579,42439.95238,2,8.615384615,0,0.275666298,
Pickup,Hybrid,2028,22.87846113,42439.95238,2,9.076923077,0,0.278807456,
Pickup,Hybrid,2029,23.22163804,42439.95238,2,9.538461538,0,0.281948615,
Pickup,Hybrid,2030,23.56996261,42439.95238,2,10,0,0.285089773,
Pickup,Hybrid,2031,23.92351205,42439.95238,1.9,9.75,0,0.288230932,
Pickup,Hybrid,2032,24.28236473,42439.95238,1.8,9.5,0,0.29137209,
Pickup,Hybrid,2033,24.64660021,42439.95238,1.7,9.25,0,0.294513249,
Pickup,Hybrid,2034,25.01629921,42439.95238,1.6,9,0,0.297654407,
Pickup,Hybrid,2035,25.3915437,42439.95238,1.5,8.75,0,0.300795566,
Pickup,Hybrid,2036,25.77241685,42439.95238,1.4,8.5,0,0.303936724,
Pickup,Hybrid,2037,26.15900311,42439.95238,1.3,8.25,0,0.307077883,
Pickup,Hybrid,2038,26.55138815,42439.95238,1.2,8,0,0.310219042,
Pickup,Hybrid,2039,26.94965897,42439.95238,1.1,7.75,0,0.3133602,
Pickup,Hybrid,2040,27.35390386,42439.95238,1,7.5,0,0.316501359,
Pickup,Hybrid,2041,27.76421242,42439.95238,0.9,7.25,0,0.319642517,
Pickup,Hybrid,2042,28.1806756,42439.95238,0.8,7,0,0.322783676,
Pickup,Hybrid,2043,28.60338574,42439.95238,0.7,6.75,0,0.325924834,
Pickup,Hybrid,2044,29.03243652,42439.95238,0.6,6.5,0,0.329065993,
Pickup,Hybrid,2045,29.46792307,42439.95238,0.5,6.25,0,0.332207151,
Pickup,Hybrid,2046,29.90994192,42439.95238,0.4,6,0,0.33534831,
Pickup,Hybrid,2047,30.35859105,42439.95238,0.3,5.75,0,0.338489468,
Pickup,Hybrid,2048,30.81396991,42439.95238,0.2,5.5,0,0.341630627,
Pickup,Hybrid,2049,31.27617946,42439.95238,0.1,5.25,0,0.344771785,
Pickup,PEV,2018,45.05970346,59038.43636,0.25,2.5,0,0.265118182,
Pickup,PEV,2019,45.73559902,59038.43636,0.5,5,0,0.265118182,
Pickup,PEV,2020,46.421633,59038.43636,0.75,7.5,0,0.265118182,
Pickup,PEV,2021,47.1179575,59038.43636,1,10,0,0.265118182,
Pickup,PEV,2022,47.82472686,59038.43636,1.25,12.5,0,0.265118182,
Pickup,PEV,2023,48.54209776,59038.43636,1.5,15,0,0.265118182,
Pickup,PEV,2024,49.27022923,59038.43636,1.75,17.5,0,0.265118182,
Pickup,PEV,2025,50.00928267,59038.43636,2,20,0,0.265118182,
Pickup,PEV,2026,50.75942191,59038.43636,1.96,19.6,0,0.265118182,
Pickup,PEV,2027,51.52081323,59038.43636,1.92,19.2,0,0.265118182,
Pickup,PEV,2028,52.29362543,59038.43636,1.88,18.8,0,0.265118182,
Pickup,PEV,2029,53.07802981,59038.43636,1.84,18.4,0,0.265118182,
Pickup,PEV,2030,53.87420026,59038.43636,1.8,18,0,0.265118182,
Pickup,PEV,2031,54.68231327,59038.43636,1.76,17.6,0,0.265118182,
Pickup,PEV,2032,55.50254796,59038.43636,1.72,17.2,0,0.265118182,
Pickup,PEV,2033,56.33508618,59038.43636,1.68,16.8,0,0.265118182,
Pickup,PEV,2034,57.18011248,59038.43636,1.64,16.4,0,0.265118182,
Pickup,PEV,2035,58.03781416,59038.43636,1.6,16,0,0.265118182,
Pickup,PEV,2036,58.90838138,59038.43636,1.56,15.6,0,0.265118182,
Pickup,PEV,2037,59.7920071,59038.43636,1.52,15.2,0,0.265118182,
Pickup,PEV,2038,60.6888872,59038.43636,1.48,14.8,0,0.265118182,
Pickup,PEV,2039,61.59922051,59038.43636,1.44,14.4,0,0.265118182,
Pickup,PEV,2040,62.52320882,59038.43636,1.4,14,0,0.265118182,
Pickup,PEV,2041,63.46105695,59038.43636,1.36,13.6,0,0.265118182,
Pickup,PEV,2042,64.41297281,59038.43636,1.32,13.2,0,0.265118182,
Pickup,PEV,2043,65.3791674,59038.43636,1.28,12.8,0,0.265118182,
Pickup,PEV,2044,66.35985491,59038.43636,1.24,12.4,0,0.265118182,
Pickup,PEV,2045,67.35525273,59038.43636,1.2,12,0,0.265118182,
Pickup,PEV,2046,68.36558152,59038.43636,1.16,11.6,0,0.265118182,
Pickup,PEV,2047,69.39106525,59038.43636,1.12,11.2,0,0.265118182,
Pickup,PEV,2048,70.43193123,59038.43636,1.08,10.8,0,0.265118182,
Pickup,PEV,2049,71.48841019,59038.43636,1.04,10.4,0,0.265118182,
Pickup,PEV,2050,72.56073635,59038.43636,1,10,0,0.265118182,
Pickup-AV,BEV,2030,114.4826756,900000,1,5,202.028251,0.25,
Pickup-AV,BEV,2031,116.1999157,900000,1.1,7.25,205.0586747,0.25,
Pickup-AV,BEV,2032,117.9429144,900000,1.2,9.5,208.1345549,0.25,
Pickup-AV,BEV,2033,119.7120581,900000,1.3,11.75,211.2565732,0.25,
Pickup-AV,BEV,2034,121.507739,900000,1.4,14,214.4254218,0.25,
Pickup-AV,BEV,2035,123.3303551,900000,1.5,16.25,217.6418031,0.25,
Pickup-AV,BEV,2036,125.1803104,900000,1.6,18.5,220.9064302,0.25,
Pickup-AV,BEV,2037,127.0580151,900000,1.7,20.75,224.2200266,0.25,
Pickup-AV,BEV,2038,128.9638853,900000,1.8,23,227.583327,0.25,
Pickup-AV,BEV,2039,130.8983436,900000,1.9,25.25,230.9970769,0.25,
Pickup-AV,BEV,2040,132.8618187,900000,2,27.5,234.4620331,0.25,
Pickup-AV,BEV,2041,134.854746,900000,2.1,29.75,237.9789636,0.25,
Pickup-AV,BEV,2042,136.8775672,900000,2.2,32,241.548648,0.25,
Pickup-AV,BEV,2043,138.9307307,900000,2.3,34.25,245.1718777,0.25,
Pickup-AV,BEV,2044,141.0146917,900000,2.4,36.5,248.8494559,0.25,
Pickup-AV,BEV,2045,143.1299121,900000,2.5,38.75,252.5821977,0.25,
Pickup-AV,BEV,2046,145.2768607,900000,2.6,41,256.3709307,0.25,
Pickup-AV,BEV,2047,147.4560136,900000,2.7,43.25,260.2164947,0.25,
Pickup-AV,BEV,2048,149.6678539,900000,2.8,45.5,264.1197421,0.25,
Pickup-AV,BEV,2049,151.9128717,900000,2.9,47.75,268.0815382,0.25,
Pickup-AV,BEV,2050,154.1915647,900000,3,50,272.1027613,0.25,
Pickup-AV,PEV,2030,53.87420026,900000,1,3,0,0.27,
Pickup-AV,PEV,2031,54.68231327,900000,1.05,3.35,0,0.27,
Pickup-AV,PEV,2032,55.50254796,900000,1.1,3.7,0,0.27,
Pickup-AV,PEV,2033,56.33508618,900000,1.15,4.05,0,0.27,
Pickup-AV,PEV,2034,57.18011248,900000,1.2,4.4,0,0.27,
Pickup-AV,PEV,2035,58.03781416,900000,1.25,4.75,0,0.27,
Pickup-AV,PEV,2036,58.90838138,900000,1.3,5.1,0,0.27,
Pickup-AV,PEV,2037,59.7920071,900000,1.35,5.45,0,0.27,
Pickup-AV,PEV,2038,60.6888872,900000,1.4,5.8,0,0.27,
Pickup-AV,PEV,2039,61.59922051,900000,1.45,6.15,0,0.27,
Pickup-AV,PEV,2040,62.52320882,900000,1.5,6.5,0,0.27,
Pickup-AV,PEV,2041,63.46105695,900000,1.55,6.85,0,0.27,
Pickup-AV,PEV,2042,64.41297281,900000,1.6,7.2,0,0.27,
Pickup-AV,PEV,2043,65.3791674,900000,1.65,7.55,0,0.27,
Pickup-AV,PEV,2044,66.35985491,900000,1.7,7.9,0,0.27,
Pickup-AV,PEV,2045,67.35525273,900000,1.75,8.25,0,0.27,
Pickup-AV,PEV,2046,68.36558152,900000,1.8,8.6,0,0.27,
Pickup-AV,PEV,2047,69.39106525,900000,1.85,8.95,0,0.27,
Pickup-AV,PEV,2048,70.43193123,900000,1.9,9.3,0,0.27,
Pickup-AV,PEV,2049,71.48841019,900000,1.95,9.65,0,0.27,
Pickup-AV,PEV,2050,72.56073635,900000,2,10,0,0.27,
SUV,BEV,2012,69,62570.27637,2,2,113,0.125278261,0
SUV,BEV,2013,69.5,69067.04343,2,2,115,0.124965468,0
SUV,BEV,2014,69.5,58255.31238,2,2,115,0.124965468,0
SUV,BEV,2016,87.5,86192.04627,2,6,237,0.116085714,0
SUV,BEV,2017,87.4,75017.02367,2,7,245,0.116124943,0
SUV,BEV,2018,61.61914449,75145.53279,3.384615385,14.15384615,132.7651977,0.116922676,
SUV,BEV,2019,62.54343165,75145.53279,4.769230769,21.30769231,134.7566757,0.115601553,
SUV,BEV,2020,63.48158313,75145.53279,6.153846154,28.46153846,136.7780258,0.11428043,
SUV,BEV,2021,64.43380688,75145.53279,7.538461538,35.61538462,138.8296962,0.112959307,
SUV,BEV,2022,65.40031398,75145.53279,8.923076923,42.76923077,140.9121416,0.111638184,
SUV,BEV,2023,66.38131869,75145.53279,10.30769231,49.92307692,143.0258238,0.110317061,
SUV,BEV,2024,67.37703847,75145.53279,11.69230769,57.07692308,145.1712111,0.108995938,
SUV,BEV,2025,68.38769405,75145.53279,13.07692308,64.23076923,147.3487793,0.107674815,
SUV,BEV,2026,69.41350946,75145.53279,14.46153846,71.38461538,149.559011,0.106353692,
SUV,BEV,2027,70.4547121,75145.53279,15.84615385,78.53846154,151.8023961,0.105032569,
SUV,BEV,2028,71.51153278,75145.53279,17.23076923,85.69230769,154.0794321,0.103711446,
SUV,BEV,2029,72.58420577,75145.53279,18.61538462,92.84615385,156.3906236,0.102390322,
SUV,BEV,2030,73.67296886,75145.53279,20,100,158.7364829,0.101069199,
SUV,BEV,2031,74.77806339,75145.53279,20.15,102.5,161.1175302,0.099748076,
SUV,BEV,2032,75.89973434,75145.53279,20.3,105,163.5342931,0.098426953,
SUV,BEV,2033,77.03823036,75145.53279,20.45,107.5,165.9873075,0.09710583,
SUV,BEV,2034,78.19380381,75145.53279,20.6,110,168.4771171,0.095784707,
SUV,BEV,2035,79.36671087,75145.53279,20.75,112.5,171.0042739,0.094463584,
SUV,BEV,2036,80.55721153,75145.53279,20.9,115,173.569338,0.093142461,
SUV,BEV,2037,81.76556971,75145.53279,21.05,117.5,176.1728781,0.091821338,
SUV,BEV,2038,82.99205325,75145.53279,21.2,120,178.8154712,0.090500215,
SUV,BEV,2039,84.23693405,75145.53279,21.35,122.5,181.4977033,0.089179092,
SUV,BEV,2040,85.50048806,75145.53279,21.5,125,184.2201688,0.087857968,
SUV,BEV,2041,86.78299538,75145.53279,21.65,127.5,186.9834714,0.086536845,
SUV,BEV,2042,88.08474031,75145.53279,21.8,130,189.7882234,0.085215722,
SUV,BEV,2043,89.40601142,75145.53279,21.95,132.5,192.6350468,0.083894599,
SUV,BEV,2044,90.74710159,75145.53279,22.1,135,195.5245725,0.082573476,
SUV,BEV,2045,92.10830811,75145.53279,22.25,137.5,198.4574411,0.081252353,
SUV,BEV,2046,93.48993273,75145.53279,22.4,140,201.4343027,0.07993123,
SUV,BEV,2047,94.89228172,75145.53279,22.55,142.5,204.4558172,0.078610107,
SUV,BEV,2048,96.31566595,75145.53279,22.7,145,207.5226545,0.077288984,
SUV,BEV,2049,97.76040094,75145.53279,22.85,147.5,210.6354943,0.075967861,
SUV,BEV,2050,99.22680695,75145.53279,23,150,213.7950267,0.074646738,
SUV,Diesel,1998,15,53114.76338,2,2,0,0.2818,678.67
SUV,Diesel,1999,15,52425.69538,2,2,0,0.2818,678.67
SUV,Diesel,2004,18,51799.72059,1,1,0,0.248466667,565.56
SUV,Diesel,2005,21,51185.04703,1,1,0,0.224657143,484.76
SUV,Diesel,2006,19,52609.0177,2,2,0,0.239694737,541.79
SUV,Diesel,2007,19.7,51289.22862,3,6,0,0.234084264,520.36
SUV,Diesel,2008,19.7,48742.08969,3,6,0,0.234084264,520.36
SUV,Diesel,2009,20.7,48595.8338,3,3,0,0.226727536,493.58
SUV,Diesel,2010,20.7,48106.56799,3,3,0,0.226727536,493.58
SUV,Diesel,2011,21.3,46920.48592,3,3,0,0.22264507,478.24
SUV,Diesel,2012,21,44942.86593,3,3,0,0.224657143,485.59
SUV,Diesel,2013,23.4,44966.1355,5,5,0,0.210005128,438.4
SUV,Diesel,2014,24.5,44413.4892,6,8,0,0.20424898,418.88
SUV,Diesel,2015,25.2,45501.33227,6,10,0,0.200847619,409.8
SUV,Diesel,2016,25,45521.09463,7,11,0,0.2018,407.73
SUV,Diesel,2017,25,44897.93782,3,5,0,0.2018,405
SUV,Diesel,2018,29.94861005,52181.41561,2.769230769,4.615384615,0,0.192525212,
SUV,Diesel,2019,30.3978392,52181.41561,2.538461538,4.230769231,0,0.188288273,
SUV,Diesel,2020,30.85380679,52181.41561,2.307692308,3.846153846,0,0.184051335,
SUV,Diesel,2021,31.31661389,52181.41561,2.076923077,3.461538462,0,0.179814397,
SUV,Diesel,2022,31.7863631,52181.41561,1.846153846,3.076923077,0,0.175577458,
SUV,Diesel,2023,32.26315855,52181.41561,1.615384615,2.692307692,0,0.17134052,
SUV,Diesel,2024,32.74710593,52181.41561,1.384615385,2.307692308,0,0.167103581,
SUV,Diesel,2025,33.23831251,52181.41561,1.153846154,1.923076923,0,0.162866643,
SUV,Diesel,2026,33.7368872,52181.41561,0.923076923,1.538461538,0,0.158629705,
SUV,Diesel,2027,34.24294051,52181.41561,0.692307692,1.153846154,0,0.154392766,
SUV,Diesel,2028,34.75658462,52181.41561,0.461538462,0.769230769,0,0.150155828,
SUV,Diesel,2029,35.27793339,52181.41561,0.230769231,0.384615385,0,0.145918889,
SUV,Gas,1998,17.4,44742.81877,25,167,0,0.254213793,523.18
SUV,Gas,1999,17.2,44162.36162,22,160,0,0.256218605,533.63
SUV,Gas,2000,17,44632.90518,22,163,0,0.258270588,539.03
SUV,Gas,2001,17.1,42914.78893,28,195,0,0.257238597,534.91
SUV,Gas,2002,16.7,42937.51063,31,222,0,0.261440719,546.93
SUV,Gas,2003,16.8,43186.19656,31,253,0,0.260371429,544.4
SUV,Gas,2004,16.6,43635.05292,33,260,0,0.262522892,546.56
SUV,Gas,2005,17.1,43117.26416,33,280,0,0.257238597,531.9
SUV,Gas,2006,17.3,44316.78868,33,279,0,0.255210405,527.77
SUV,Gas,2007,17.6,43205.02465,34,294,0,0.252254546,515.55
SUV,Gas,2008,17.7,41059.36555,34,313,0,0.251291525,515.69
SUV,Gas,2009,18.2,40936.16249,34,325,0,0.246635165,502.83
SUV,Gas,2010,18.9,40524.01472,31,280,0,0.240530159,484.89
SUV,Gas,2011,19.4,39524.88281,29,287,0,0.236439175,473.4
SUV,Gas,2012,19.5,37858.97512,28,257,0,0.235646154,468.49
SUV,Gas,2013,20,37878.57695,27,267,0,0.2318,460.25
SUV,Gas,2014,20.3,37413.03871,26,271,0,0.229583251,449.05
SUV,Gas,2015,20.9,38329.41605,26,301,0,0.22534067,438.28
SUV,Gas,2016,21.4,38346.06347,27,293,0,0.221986916,429.37
SUV,Gas,2017,21.2,37821.12858,30,318,0,0.223309434,432.19
SUV,Gas,2018,26.005886,43956.5852,28.5,302.5555556,0,0.218475564,
SUV,Gas,2019,26.39597429,43956.5852,27,287.1111111,0,0.215785808,
SUV,Gas,2020,26.7919139,43956.5852,25.5,271.6666667,0,0.213096051,
SUV,Gas,2021,27.19379261,43956.5852,24,256.2222222,0,0.210406294,
SUV,Gas,2022,27.6016995,43956.5852,22.5,240.7777778,0,0.207716537,
SUV,Gas,2023,28.01572499,43956.5852,21,225.3333333,0,0.20502678,
SUV,Gas,2024,28.43596087,43956.5852,19.5,209.8888889,0,0.202337024,
SUV,Gas,2025,28.86250028,43956.5852,18,194.4444444,0,0.199647267,
SUV,Gas,2026,29.29543779,43956.5852,16.5,179,0,0.19695751,
SUV,Gas,2027,29.73486935,43956.5852,15,163.5555556,0,0.194267753,
SUV,Gas,2028,30.18089239,43956.5852,13.5,148.1111111,0,0.191577996,
SUV,Gas,2029,30.63360578,43956.5852,12,132.6666667,0,0.18888824,
SUV,Gas,2030,31.09310987,43956.5852,10.5,117.2222222,0,0.186198483,
SUV,Gas,2031,31.55950651,43956.5852,9,101.7777778,0,0.183508726,
SUV,Gas,2032,32.03289911,43956.5852,7.5,86.33333333,0,0.180818969,
SUV,Gas,2033,32.5133926,43956.5852,6,70.88888889,0,0.178129212,
SUV,Gas,2034,33.00109349,43956.5852,4.5,55.44444444,0,0.175439456,
SUV,Gas,2035,33.49610989,43956.5852,3,40,0,0.172749699,
SUV,Gas,2036,33.99855154,43956.5852,3,40,0,0.170059942,
SUV,Gas,2037,34.50852981,43956.5852,3,40,0,0.167370185,
SUV,Gas,2038,35.02615776,43956.5852,3,40,0,0.164680428,
SUV,Gas,2039,35.55155012,43956.5852,3,40,0,0.161990672,
SUV,Gas,2040,36.08482338,43956.5852,3,40,0,0.159300915,
SUV,Gas,2041,36.62609573,43956.5852,3,40,0,0.156611158,
SUV,Gas,2042,37.17548716,43956.5852,3,40,0,0.153921401,
SUV,Gas,2043,37.73311947,43956.5852,3,40,0,0.151231645,
SUV,Gas,2044,38.29911626,43956.5852,3,40,0,0.148541888,
SUV,Gas,2045,38.87360301,43956.5852,3,40,0,0.145852131,
SUV,Gas,2046,39.45670705,43956.5852,3,40,0,0.143162374,
SUV,Gas,2047,40.04855766,43956.5852,3,40,0,0.140472617,
SUV,Gas,2048,40.64928602,43956.5852,3,40,0,0.137782861,
SUV,Gas,2049,41.25902531,43956.5852,3,40,0,0.135093104,
SUV,Gas,2050,41.87791069,43956.5852,3,40,0,0.132403347,
SUV,Hybrid,2005,28,46317.65066,1,2,0,0.188942857,317.8
SUV,Hybrid,2006,27,47606.21011,5,8,0,0.192911111,329.48
SUV,Hybrid,2007,26.8,46411.9252,5,8,0,0.193740299,332.95
SUV,Hybrid,2008,26.1,44107.00417,8,14,0,0.196742529,349.33
SUV,Hybrid,2009,25.4,43974.65635,10,16,0,0.199910236,361.73
SUV,Hybrid,2010,26.1,43531.91684,11,17,0,0.196742529,351.19
SUV,Hybrid,2011,24.9,42458.62419,12,20,0,0.202281928,370.01
SUV,Hybrid,2012,23.9,40669.0642,8,14,0,0.207323013,381.01
SUV,Hybrid,2013,23.1,40690.12098,8,13,0,0.21167013,386.15
SUV,Hybrid,2014,26.3,40190.02808,8,12,0,0.195868441,334.08
SUV,Hybrid,2015,27.5,41174.42369,7,13,0,0.190890909,323.54
SUV,Hybrid,2016,29.1,41192.30676,5,11,0,0.184892784,305.82
SUV,Hybrid,2017,29.6,40628.40849,5,10,0,0.183151351,302.1
SUV,Hybrid,2018,33.87524135,47219.27046,5.384615385,10.38461538,0,0.183360745,
SUV,Hybrid,2019,34.38336997,47219.27046,5.769230769,10.76923077,0,0.180418102,
SUV,Hybrid,2020,34.89912052,47219.27046,6.153846154,11.15384615,0,0.17747546,
SUV,Hybrid,2021,35.42260733,47219.27046,6.538461538,11.53846154,0,0.174532818,
SUV,Hybrid,2022,35.95394644,47219.27046,6.923076923,11.92307692,0,0.171590175,
SUV,Hybrid,2023,36.49325564,47219.27046,7.307692308,12.30769231,0,0.168647533,
SUV,Hybrid,2024,37.04065447,47219.27046,7.692307692,12.69230769,0,0.16570489,
SUV,Hybrid,2025,37.59626429,47219.27046,8.076923077,13.07692308,0,0.162762248,
SUV,Hybrid,2026,38.16020825,47219.27046,8.461538462,13.46153846,0,0.159819606,
SUV,Hybrid,2027,38.73261138,47219.27046,8.846153846,13.84615385,0,0.156876963,
SUV,Hybrid,2028,39.31360055,47219.27046,9.230769231,14.23076923,0,0.153934321,
SUV,Hybrid,2029,39.90330456,47219.27046,9.615384615,14.61538462,0,0.150991678,
SUV,Hybrid,2030,40.50185413,47219.27046,10,15,0,0.148049036,
SUV,Hybrid,2031,41.10938194,47219.27046,9.65,14.5,0,0.145106394,
SUV,Hybrid,2032,41.72602267,47219.27046,9.3,14,0,0.142163751,
SUV,Hybrid,2033,42.35191301,47219.27046,8.95,13.5,0,0.139221109,
SUV,Hybrid,2034,42.9871917,47219.27046,8.6,13,0,0.136278466,
SUV,Hybrid,2035,43.63199958,47219.27046,8.25,12.5,0,0.133335824,
SUV,Hybrid,2036,44.28647957,47219.27046,7.9,12,0,0.130393182,
SUV,Hybrid,2037,44.95077676,47219.27046,7.55,11.5,0,0.127450539,
SUV,Hybrid,2038,45.62503842,47219.27046,7.2,11,0,0.124507897,
SUV,Hybrid,2039,46.30941399,47219.27046,6.85,10.5,0,0.121565254,
SUV,Hybrid,2040,47.0040552,47219.27046,6.5,10,0,0.118622612,
SUV,Hybrid,2041,47.70911603,47219.27046,6.15,9.5,0,0.11567997,
SUV,Hybrid,2042,48.42475277,47219.27046,5.8,9,0,0.112737327,
SUV,Hybrid,2043,49.15112406,47219.27046,5.45,8.5,0,0.109794685,
SUV,Hybrid,2044,49.88839092,47219.27046,5.1,8,0,0.106852042,
SUV,Hybrid,2045,50.63671679,47219.27046,4.75,7.5,0,0.1039094,
SUV,Hybrid,2046,51.39626754,47219.27046,4.4,7,0,0.100966758,
SUV,Hybrid,2047,52.16721155,47219.27046,4.05,6.5,0,0.098024115,
SUV,Hybrid,2048,52.94971972,47219.27046,3.7,6,0,0.095081473,
SUV,Hybrid,2049,53.74396552,47219.27046,3.35,5.5,0,0.09213883,
SUV,Hybrid,2050,54.550125,47219.27046,3,5,0,0.089196188,
SUV,PEV,2015,22,64076.05162,1,1,0,0.218163636,260
SUV,PEV,2016,23,75933.35291,4,4,0,0.212234783,260.5
SUV,PEV,2017,23,66088.39654,4,4,0,0.212234783,260
SUV,PEV,2018,10.94307084,66201.61034,3.923076923,4.846153846,0,0.212870017,
SUV,PEV,2019,11.1072169,66201.61034,3.846153846,5.692307692,0,0.212023038,
SUV,PEV,2020,11.27382516,66201.61034,3.769230769,6.538461538,0,0.211176059,
SUV,PEV,2021,11.44293253,66201.61034,3.692307692,7.384615385,0,0.21032908,
SUV,PEV,2022,11.61457652,66201.61034,3.615384615,8.230769231,0,0.2094821,
SUV,PEV,2023,11.78879517,66201.61034,3.538461538,9.076923077,0,0.208635121,
SUV,PEV,2024,11.9656271,66201.61034,3.461538462,9.923076923,0,0.207788142,
SUV,PEV,2025,12.1451115,66201.61034,3.384615385,10.76923077,0,0.206941163,
SUV,PEV,2026,12.32728818,66201.61034,3.307692308,11.61538462,0,0.206094184,
SUV,PEV,2027,12.5121975,66201.61034,3.230769231,12.46153846,0,0.205247205,
SUV,PEV,2028,12.69988046,66201.61034,3.153846154,13.30769231,0,0.204400226,
SUV,PEV,2029,12.89037867,66201.61034,3.076923077,14.15384615,0,0.203553247,
SUV,PEV,2030,13.08373435,66201.61034,3,15,0,0.202706268,
SUV,PEV,2031,13.27999036,66201.61034,3.1,14.75,0,0.201859288,
SUV,PEV,2032,13.47919022,66201.61034,3.2,14.5,0,0.201012309,
SUV,PEV,2033,13.68137807,66201.61034,3.3,14.25,0,0.20016533,
SUV,PEV,2034,13.88659874,66201.61034,3.4,14,0,0.199318351,
SUV,PEV,2035,14.09489773,66201.61034,3.5,13.75,0,0.198471372,
SUV,PEV,2036,14.30632119,66201.61034,3.6,13.5,0,0.197624393,
SUV,PEV,2037,14.52091601,66201.61034,3.7,13.25,0,0.196777414,
SUV,PEV,2038,14.73872975,66201.61034,3.8,13,0,0.195930435,
SUV,PEV,2039,14.9598107,66201.61034,3.9,12.75,0,0.195083456,
SUV,PEV,2040,15.18420786,66201.61034,4,12.5,0,0.194236476,
SUV,PEV,2041,15.41197097,66201.61034,4.1,12.25,0,0.193389497,
SUV,PEV,2042,15.64315054,66201.61034,4.2,12,0,0.192542518,
SUV,PEV,2043,15.8777978,66201.61034,4.3,11.75,0,0.191695539,
SUV,PEV,2044,16.11596476,66201.61034,4.4,11.5,0,0.19084856,
SUV,PEV,2045,16.35770424,66201.61034,4.5,11.25,0,0.190001581,
SUV,PEV,2046,16.6030698,66201.61034,4.6,11,0,0.189154602,
SUV,PEV,2047,16.85211585,66201.61034,4.7,10.75,0,0.188307623,
SUV,PEV,2048,17.10489758,66201.61034,4.8,10.5,0,0.187460644,
SUV,PEV,2049,17.36147105,66201.61034,4.9,10.25,0,0.186613664,
SUV,PEV,2050,17.62189311,66201.61034,5,10,0,0.185766685,
SUV-AV,BEV,2030,134.6855007,700000,1,15,269.3710013,0.12,
SUV-AV,BEV,2031,136.7057832,700000,1.45,18.5,273.4115663,0.12,
SUV-AV,BEV,2032,138.7563699,700000,1.9,22,277.5127398,0.12,
SUV-AV,BEV,2033,140.8377155,700000,2.35,25.5,281.6754309,0.12,
SUV-AV,BEV,2034,142.9502812,700000,2.8,29,285.9005624,0.12,
SUV-AV,BEV,2035,145.0945354,700000,3.25,32.5,290.1890708,0.12,
SUV-AV,BEV,2036,147.2709534,700000,3.7,36,294.5419069,0.12,
SUV-AV,BEV,2037,149.4800177,700000,4.15,39.5,298.9600355,0.12,
SUV-AV,BEV,2038,151.722218,700000,4.6,43,303.444436,0.12,
SUV-AV,BEV,2039,153.9980513,700000,5.05,46.5,307.9961026,0.12,
SUV-AV,BEV,2040,156.308022,700000,5.5,50,312.6160441,0.12,
SUV-AV,BEV,2041,158.6526424,700000,5.95,60,317.3052848,0.12,
SUV-AV,BEV,2042,161.032432,700000,6.4,70,322.064864,0.12,
SUV-AV,BEV,2043,163.4479185,700000,6.85,80,326.895837,0.12,
SUV-AV,BEV,2044,165.8996373,700000,7.3,90,331.7992745,0.12,
SUV-AV,BEV,2045,168.3881318,700000,7.75,100,336.7762637,0.12,
SUV-AV,BEV,2046,170.9139538,700000,8.2,110,341.8279076,0.12,
SUV-AV,BEV,2047,173.4776631,700000,8.65,120,346.9553262,0.12,
SUV-AV,BEV,2048,176.0798281,700000,9.1,130,352.1596561,0.12,
SUV-AV,BEV,2049,178.7210255,700000,9.55,140,357.442051,0.12,
SUV-AV,BEV,2050,181.4018409,700000,10,150,362.8036817,0.12,
SUV-AV,PEV,2030,44.44621522,700000,1,5,0,0.15,
SUV-AV,PEV,2031,45.11290844,700000,1.2,5.5,0,0.15,
SUV-AV,PEV,2032,45.78960207,700000,1.4,6,0,0.15,
SUV-AV,PEV,2033,46.4764461,700000,1.6,6.5,0,0.15,
SUV-AV,PEV,2034,47.17359279,700000,1.8,7,0,0.15,
SUV-AV,PEV,2035,47.88119669,700000,2,7.5,0,0.15,
SUV-AV,PEV,2036,48.59941464,700000,2.2,8,0,0.15,
SUV-AV,PEV,2037,49.32840586,700000,2.4,8.5,0,0.15,
SUV-AV,PEV,2038,50.06833194,700000,2.6,9,0,0.15,
SUV-AV,PEV,2039,50.81935692,700000,2.8,9.5,0,0.15,
SUV-AV,PEV,2040,51.58164728,700000,3,10,0,0.15,
SUV-AV,PEV,2041,52.35537199,700000,3.2,14,0,0.15,
SUV-AV,PEV,2042,53.14070257,700000,3.4,18,0,0.15,
SUV-AV,PEV,2043,53.9378131,700000,3.6,22,0,0.15,
SUV-AV,PEV,2044,54.7468803,700000,3.8,26,0,0.15,
SUV-AV,PEV,2045,55.5680835,700000,4,30,0,0.15,
SUV-AV,PEV,2046,56.40160476,700000,4.2,34,0,0.15,
SUV-AV,PEV,2047,57.24762883,700000,4.4,38,0,0.15,
SUV-AV,PEV,2048,58.10634326,700000,4.6,42,0,0.15,
SUV-AV,PEV,2049,58.97793841,700000,4.8,46,0,0.15,
SUV-AV,PEV,2050,59.86260749,700000,5,50,0,0.15,
Van,BEV,2018,33.7947776,60266.26212,0.333333333,0.333333333,140.8115733,0.17185,
Van,BEV,2019,34.30169926,60266.26212,0.666666667,0.666666667,142.9237469,0.17185,
Van,BEV,2020,34.81622475,60266.26212,1,1,145.0676031,0.17185,
Van,BEV,2021,35.33846812,60266.26212,1.5,2.9,147.2436172,0.17185,
Van,BEV,2022,35.86854514,60266.26212,2,4.8,149.4522714,0.17185,
Van,BEV,2023,36.40657332,60266.26212,2.5,6.7,151.6940555,0.17185,
Van,BEV,2024,36.95267192,60266.26212,3,8.6,153.9694663,0.17185,
Van,BEV,2025,37.506962,60266.26212,3.5,10.5,156.2790083,0.17185,
Van,BEV,2026,38.06956643,60266.26212,4,12.4,158.6231935,0.17185,
Van,BEV,2027,38.64060993,60266.26212,4.5,14.3,161.0025414,0.17185,
Van,BEV,2028,39.22021907,60266.26212,5,16.2,163.4175795,0.17185,
Van,BEV,2029,39.80852236,60266.26212,5.5,18.1,165.8688432,0.17185,
Van,BEV,2030,40.4056502,60266.26212,6,20,168.3568758,0.17185,
Van,BEV,2031,41.01173495,60266.26212,5.9,19.5,170.882229,0.17185,
Van,BEV,2032,41.62691097,60266.26212,5.8,19,173.4454624,0.17185,
Van,BEV,2033,42.25131464,60266.26212,5.7,18.5,176.0471443,0.17185,
Van,BEV,2034,42.88508436,60266.26212,5.6,18,178.6878515,0.17185,
Van,BEV,2035,43.52836062,60266.26212,5.5,17.5,181.3681693,0.17185,
Van,BEV,2036,44.18128603,60266.26212,5.4,17,184.0886918,0.17185,
Van,BEV,2037,44.84400532,60266.26212,5.3,16.5,186.8500222,0.17185,
Van,BEV,2038,45.5166654,60266.26212,5.2,16,189.6527725,0.17185,
Van,BEV,2039,46.19941538,60266.26212,5.1,15.5,192.4975641,0.17185,
Van,BEV,2040,46.89240661,60266.26212,5,15,195.3850276,0.17185,
Van,BEV,2041,47.59579271,60266.26212,4.9,14.5,198.315803,0.17185,
Van,BEV,2042,48.3097296,60266.26212,4.8,14,201.29054,0.17185,
Van,BEV,2043,49.03437555,60266.26212,4.7,13.5,204.3098981,0.17185,
Van,BEV,2044,49.76989118,60266.26212,4.6,13,207.3745466,0.17185,
Van,BEV,2045,50.51643955,60266.26212,4.5,12.5,210.4851648,0.17185,
Van,BEV,2046,51.27418614,60266.26212,4.4,12,213.6424423,0.17185,
Van,BEV,2047,52.04329894,60266.26212,4.3,11.5,216.8470789,0.17185,
Van,BEV,2048,52.82394842,60266.26212,4.2,11,220.0997851,0.17185,
Van,BEV,2049,53.61630765,60266.26212,4.1,10.5,223.4012819,0.17185,
Van,BEV,2050,54.42055226,60266.26212,4,10,226.7523011,0.17185,
Van,Gas,1998,14.5,35715.30779,4,37,0,0.284996552,615.25
Van,Gas,1999,15.9,35251.96627,13,67,0,0.266779245,566.55
Van,Gas,2000,16.1,35627.57086,14,69,0,0.264435404,562.93
Van,Gas,2001,15.8,34256.10942,13,62,0,0.267973418,571.5
Van,Gas,2002,16,34274.24668,14,65,0,0.2656,564.71
Van,Gas,2003,15.8,34472.75663,12,68,0,0.267973418,574.52
Van,Gas,2004,16,34831.04973,13,64,0,0.2656,565.75
Van,Gas,2005,16.4,34417.73234,14,65,0,0.261026829,549.76
Van,Gas,2006,16.7,35375.23544,14,52,0,0.257740719,542.24
Van,Gas,2007,16.3,34487.78588,13,49,0,0.26214908,553.75
Van,Gas,2008,16.5,32775.04455,11,46,0,0.259918182,550.05
Van,Gas,2009,16.4,32676.69949,11,43,0,0.261026829,553.56
Van,Gas,2010,17.2,32347.70849,10,30,0,0.252518605,530.66
Van,Gas,2011,15.1,31550.1659,11,47,0,0.276775497,611
Van,Gas,2012,15.4,30220.37918,12,51,0,0.272905195,603.9
Van,Gas,2013,15.9,30236.02606,11,48,0,0.266779245,587.33
Van,Gas,2014,15.7,29864.41689,12,48,0,0.269182803,587.94
Van,Gas,2015,16.3,30595.90185,11,32,0,0.26214908,577.5
Van,Gas,2016,18,30609.19041,9,17,0,0.244766667,516.47
Van,Gas,2017,18.4,30190.16873,9,17,0,0.241143478,510.06
Van,Gas,2018,21.24243163,35087.70822,8.611111111,16.33333333,0,0.246338206,
Van,Gas,2019,21.56106811,35087.70822,8.222222222,15.66666667,0,0.243129458,
Van,Gas,2020,21.88448413,35087.70822,7.833333333,15,0,0.23992071,
Van,Gas,2021,22.21275139,35087.70822,7.444444444,14.33333333,0,0.236711962,
Van,Gas,2022,22.54594266,35087.70822,7.055555556,13.66666667,0,0.233503214,
Van,Gas,2023,22.8841318,35087.70822,6.666666667,13,0,0.230294466,
Van,Gas,2024,23.22739378,35087.70822,6.277777778,12.33333333,0,0.227085718,
Van,Gas,2025,23.57580469,35087.70822,5.888888889,11.66666667,0,0.22387697,
Van,Gas,2026,23.92944176,35087.70822,5.5,11,0,0.220668222,
Van,Gas,2027,24.28838338,35087.70822,5.111111111,10.33333333,0,0.217459475,
Van,Gas,2028,24.65270913,35087.70822,4.722222222,9.666666667,0,0.214250727,
Van,Gas,2029,25.02249977,35087.70822,4.333333333,9,0,0.211041979,
Van,Gas,2030,25.39783727,35087.70822,3.944444444,8.333333333,0,0.207833231,
Van,Gas,2031,25.77880483,35087.70822,3.555555556,7.666666667,0,0.204624483,
Van,Gas,2032,26.1654869,35087.70822,3.166666667,7,0,0.201415735,
Van,Gas,2033,26.5579692,35087.70822,2.777777778,6.333333333,0,0.198206987,
Van,Gas,2034,26.95633874,35087.70822,2.388888889,5.666666667,0,0.194998239,
Van,Gas,2035,27.36068382,35087.70822,2,5,0,0.191789492,
Van,Gas,2036,27.77109408,35087.70822,2,5,0,0.188580744,
Van,Gas,2037,28.18766049,35087.70822,2,5,0,0.185371996,
Van,Gas,2038,28.6104754,35087.70822,2,5,0,0.182163248,
Van,Gas,2039,29.03963253,35087.70822,2,5,0,0.1789545,
Van,Gas,2040,29.47522701,35087.70822,2,5,0,0.175745752,
Van,Gas,2041,29.91735542,35087.70822,2,5,0,0.172537004,
Van,Gas,2042,30.36611575,35087.70822,2,5,0,0.169328256,
Van,Gas,2043,30.82160749,35087.70822,2,5,0,0.166119508,
Van,Gas,2044,31.2839316,35087.70822,2,5,0,0.162910761,
Van,Gas,2045,31.75319057,35087.70822,2,5,0,0.159702013,
Van,Gas,2046,32.22948843,35087.70822,2,5,0,0.156493265,
Van,Gas,2047,32.71293076,35087.70822,2,5,0,0.153284517,
Van,Gas,2048,33.20362472,35087.70822,2,5,0,0.150075769,
Van,Gas,2049,33.70167909,35087.70822,2,5,0,0.146867021,
Van,Gas,2050,34.20720428,35087.70822,2,5,0,0.143658273,
Van,Hybrid,2018,0,38596.47904,0.076923077,0.25,0,0.155237421,
Van,Hybrid,2019,0,38596.47904,0.153846154,0.5,0,0.153616834,
Van,Hybrid,2020,0,38596.47904,0.230769231,0.75,0,0.151996248,
Van,Hybrid,2021,0,38596.47904,0.307692308,1,0,0.150375661,
Van,Hybrid,2022,0,38596.47904,0.384615385,1.25,0,0.148755075,
Van,Hybrid,2023,0,38596.47904,0.461538462,1.5,0,0.147134489,
Van,Hybrid,2024,0,38596.47904,0.538461538,1.75,0,0.145513902,
Van,Hybrid,2025,0,38596.47904,0.615384615,2,0,0.143893316,
Van,Hybrid,2026,0,38596.47904,0.692307692,1.96,0,0.14227273,
Van,Hybrid,2027,0,38596.47904,0.769230769,1.92,0,0.140652143,
Van,Hybrid,2028,0,38596.47904,0.846153846,1.88,0,0.139031557,
Van,Hybrid,2029,0,38596.47904,0.923076923,1.84,0,0.137410971,
Van,Hybrid,2030,0,38596.47904,1,1.8,0,0.135790384,
Van,Hybrid,2031,0,38596.47904,1.1,1.76,0,0.134169798,
Van,Hybrid,2032,0,38596.47904,1.2,1.72,0,0.132549211,
Van,Hybrid,2033,0,38596.47904,1.3,1.68,0,0.130928625,
Van,Hybrid,2034,0,38596.47904,1.4,1.64,0,0.129308039,
Van,Hybrid,2035,0,38596.47904,1.5,1.6,0,0.127687452,
Van,Hybrid,2036,0,38596.47904,1.6,1.56,0,0.126066866,
Van,Hybrid,2037,0,38596.47904,1.7,1.52,0,0.12444628,
Van,Hybrid,2038,0,38596.47904,1.8,1.48,0,0.122825693,
Van,Hybrid,2039,0,38596.47904,1.9,1.44,0,0.121205107,
Van,Hybrid,2040,0,38596.47904,2,1.4,0,0.11958452,
Van,Hybrid,2041,0,38596.47904,2.1,1.36,0,0.117963934,
Van,Hybrid,2042,0,38596.47904,2.2,1.32,0,0.116343348,
Van,Hybrid,2043,0,38596.47904,2.3,1.28,0,0.114722761,
Van,Hybrid,2044,0,38596.47904,2.4,1.24,0,0.113102175,
Van,Hybrid,2045,0,38596.47904,2.5,1.2,0,0.111481589,
Van,Hybrid,2046,0,38596.47904,2.6,1.16,0,0.109861002,
Van,Hybrid,2047,0,38596.47904,2.7,1.12,0,0.108240416,
Van,Hybrid,2048,0,38596.47904,2.8,1.08,0,0.10661983,
Van,Hybrid,2049,0,38596.47904,2.9,1.04,0,0.104999243,
Van,Hybrid,2050,0,38596.47904,3,1,0,0.103378657,
Van,PEV,2017,32,53599.94056,1,1,0,0.17185,106
Van,PEV,2018,33.7947776,53691.7608,1,1.111111111,0,0.17185,
Van,PEV,2019,34.30169926,53691.7608,1,1.222222222,0,0.17185,
Van,PEV,2020,34.81622475,53691.7608,1,1.333333333,0,0.17185,
Van,PEV,2021,35.33846812,53691.7608,1,1.444444444,0,0.17185,
Van,PEV,2022,35.86854514,53691.7608,1,1.555555556,0,0.17185,
Van,PEV,2023,36.40657332,53691.7608,1,1.666666667,0,0.17185,
Van,PEV,2024,36.95267192,53691.7608,1,1.777777778,0,0.17185,
Van,PEV,2025,37.506962,53691.7608,1,1.888888889,0,0.17185,
Van,PEV,2026,38.06956643,53691.7608,1,2,0,0.17185,
Van,PEV,2027,38.64060993,53691.7608,1,2.111111111,0,0.17185,
Van,PEV,2028,39.22021907,53691.7608,1,2.222222222,0,0.17185,
Van,PEV,2029,39.80852236,53691.7608,1,2.333333333,0,0.17185,
Van,PEV,2030,40.4056502,53691.7608,1,2.444444444,0,0.17185,
Van,PEV,2031,41.01173495,53691.7608,1,2.555555556,0,0.17185,
Van,PEV,2032,41.62691097,53691.7608,1,2.666666667,0,0.17185,
Van,PEV,2033,42.25131464,53691.7608,1,2.777777778,0,0.17185,
Van,PEV,2034,42.88508436,53691.7608,1,2.888888889,0,0.17185,
Van,PEV,2035,43.52836062,53691.7608,1,3,0,0.17185,
Van,PEV,2036,44.18128603,53691.7608,1.266666667,2.933333333,0,0.17185,
Van,PEV,2037,44.84400532,53691.7608,1.533333333,2.866666667,0,0.17185,
Van,PEV,2038,45.5166654,53691.7608,1.8,2.8,0,0.17185,
Van,PEV,2039,46.19941538,53691.7608,2.066666667,2.733333333,0,0.17185,
Van,PEV,2040,46.89240661,53691.7608,2.333333333,2.666666667,0,0.17185,
Van,PEV,2041,47.59579271,53691.7608,2.6,2.6,0,0.17185,
Van,PEV,2042,48.3097296,53691.7608,2.866666667,2.533333333,0,0.17185,
Van,PEV,2043,49.03437555,53691.7608,3.133333333,2.466666667,0,0.17185,
Van,PEV,2044,49.76989118,53691.7608,3.4,2.4,0,0.17185,
Van,PEV,2045,50.51643955,53691.7608,3.666666667,2.333333333,0,0.17185,
Van,PEV,2046,51.27418614,53691.7608,3.933333333,2.266666667,0,0.17185,
Van,PEV,2047,52.04329894,53691.7608,4.2,2.2,0,0.17185,
Van,PEV,2048,52.82394842,53691.7608,4.466666667,2.133333333,0,0.17185,
Van,PEV,2049,53.61630765,53691.7608,4.733333333,2.066666667,0,0.17185,
Van,PEV,2050,54.42055226,53691.7608,5,2,0,0.17185,
Van-AV,BEV,2010,100,800000,1,1,125,0.16,
Van-AV,BEV,2011,101.5,800000,1,1,126.875,0.16,
Van-AV,BEV,2012,103.0225,800000,1,1,128.778125,0.16,
Van-AV,BEV,2013,104.5678375,800000,1,1,130.7097969,0.16,
Van-AV,BEV,2014,106.1363551,800000,1,1,132.6704438,0.16,
Van-AV,BEV,2015,107.7284004,800000,1,1,134.6605005,0.16,
Van-AV,BEV,2016,109.3443264,800000,1,1,136.680408,0.16,
Van-AV,BEV,2017,110.9844913,800000,1,1,138.7306141,0.16,
Van-AV,BEV,2018,112.6492587,800000,1,1,140.8115733,0.16,
Van-AV,BEV,2019,114.3389975,800000,1,1,142.9237469,0.16,
Van-AV,BEV,2020,116.0540825,800000,1,1,145.0676031,0.16,
Van-AV,BEV,2021,117.7948937,800000,1,1,147.2436172,0.16,
Van-AV,BEV,2022,119.5618171,800000,1,1,149.4522714,0.16,
Van-AV,BEV,2023,121.3552444,800000,1,1,151.6940555,0.16,
Van-AV,BEV,2024,123.1755731,800000,1,1,153.9694663,0.16,
Van-AV,BEV,2025,125.0232067,800000,1,1,156.2790083,0.16,
Van-AV,BEV,2026,126.8985548,800000,1,1,158.6231935,0.16,
Van-AV,BEV,2027,128.8020331,800000,1,1,161.0025414,0.16,
Van-AV,BEV,2028,130.7340636,800000,1,1,163.4175795,0.16,
Van-AV,BEV,2029,132.6950745,800000,1,1,165.8688432,0.16,
Van-AV,BEV,2030,134.6855007,800000,1,1,168.3568758,0.16,
Van-AV,BEV,2031,136.7057832,800000,1.2,1.35,170.882229,0.16,
Van-AV,BEV,2032,138.7563699,800000,1.4,1.7,173.4454624,0.16,
Van-AV,BEV,2033,140.8377155,800000,1.6,2.05,176.0471443,0.16,
Van-AV,BEV,2034,142.9502812,800000,1.8,2.4,178.6878515,0.16,
Van-AV,BEV,2035,145.0945354,800000,2,2.75,181.3681693,0.16,
Van-AV,BEV,2036,147.2709534,800000,2.2,3.1,184.0886918,0.16,
Van-AV,BEV,2037,149.4800177,800000,2.4,3.45,186.8500222,0.16,
Van-AV,BEV,2038,151.722218,800000,2.6,3.8,189.6527725,0.16,
Van-AV,BEV,2039,153.9980513,800000,2.8,4.15,192.4975641,0.16,
Van-AV,BEV,2040,156.308022,800000,3,4.5,195.3850276,0.16,
Van-AV,BEV,2041,158.6526424,800000,3.2,4.85,198.315803,0.16,
Van-AV,BEV,2042,161.032432,800000,3.4,5.2,201.29054,0.16,
Van-AV,BEV,2043,163.4479185,800000,3.6,5.55,204.3098981,0.16,
Van-AV,BEV,2044,165.8996373,800000,3.8,5.9,207.3745466,0.16,
Van-AV,BEV,2045,168.3881318,800000,4,6.25,210.4851648,0.16,
Van-AV,BEV,2046,170.9139538,800000,4.2,6.6,213.6424423,0.16,
Van-AV,BEV,2047,173.4776631,800000,4.4,6.95,216.8470789,0.16,
Van-AV,BEV,2048,176.0798281,800000,4.6,7.3,220.0997851,0.16,
Van-AV,BEV,2049,178.7210255,800000,4.8,7.65,223.4012819,0.16,
Van-AV,BEV,2050,181.4018409,800000,5,8,226.7523011,0.16,
Van-AV,PEV,2010,30,800000,1,1,0,0.17,
Van-AV,PEV,2011,30.45,800000,1,1,0,0.17,
Van-AV,PEV,2012,30.90675,800000,1,1,0,0.17,
Van-AV,PEV,2013,31.37035125,800000,1,1,0,0.17,
Van-AV,PEV,2014,31.84090652,800000,1,1,0,0.17,
Van-AV,PEV,2015,32.31852012,800000,1,1,0,0.17,
Van-AV,PEV,2016,32.80329792,800000,1,1,0,0.17,
Van-AV,PEV,2017,33.29534739,800000,1,1,0,0.17,
Van-AV,PEV,2018,33.7947776,800000,1,1,0,0.17,
Van-AV,PEV,2019,34.30169926,800000,1,1,0,0.17,
Van-AV,PEV,2020,34.81622475,800000,1,1,0,0.17,
Van-AV,PEV,2021,35.33846812,800000,1,1,0,0.17,
Van-AV,PEV,2022,35.86854514,800000,1,1,0,0.17,
Van-AV,PEV,2023,36.40657332,800000,1,1,0,0.17,
Van-AV,PEV,2024,36.95267192,800000,1,1,0,0.17,
Van-AV,PEV,2025,37.506962,800000,1,1,0,0.17,
Van-AV,PEV,2026,38.06956643,800000,1,1,0,0.17,
Van-AV,PEV,2027,38.64060993,800000,1,1,0,0.17,
Van-AV,PEV,2028,39.22021907,800000,1,1,0,0.17,
Van-AV,PEV,2029,39.80852236,800000,1,1,0,0.17,
Van-AV,PEV,2030,40.4056502,800000,1,1,0,0.17,
Van-AV,PEV,2031,41.01173495,800000,1.1,1.15,0,0.17,
Van-AV,PEV,2032,41.62691097,800000,1.2,1.3,0,0.17,
Van-AV,PEV,2033,42.25131464,800000,1.3,1.45,0,0.17,
Van-AV,PEV,2034,42.88508436,800000,1.4,1.6,0,0.17,
Van-AV,PEV,2035,43.52836062,800000,1.5,1.75,0,0.17,
Van-AV,PEV,2036,44.18128603,800000,1.6,1.9,0,0.17,
Van-AV,PEV,2037,44.84400532,800000,1.7,2.05,0,0.17,
Van-AV,PEV,2038,45.5166654,800000,1.8,2.2,0,0.17,
Van-AV,PEV,2039,46.19941538,800000,1.9,2.35,0,0.17,
Van-AV,PEV,2040,46.89240661,800000,2,2.5,0,0.17,
Van-AV,PEV,2041,47.59579271,800000,2.1,2.65,0,0.17,
Van-AV,PEV,2042,48.3097296,800000,2.2,2.8,0,0.17,
Van-AV,PEV,2043,49.03437555,800000,2.3,2.95,0,0.17,
Van-AV,PEV,2044,49.76989118,800000,2.4,3.1,0,0.17,
Van-AV,PEV,2045,50.51643955,800000,2.5,3.25,0,0.17,
Van-AV,PEV,2046,51.27418614,800000,2.6,3.4,0,0.17,
Van-AV,PEV,2047,52.04329894,800000,2.7,3.55,0,0.17,
Van-AV,PEV,2048,52.82394842,800000,2.8,3.7,0,0.17,
Van-AV,PEV,2049,53.61630765,800000,2.9,3.85,0,0.17,
Van-AV,PEV,2050,54.42055226,800000,3,4,0,0.17,
