MAZ,TAZ,EXTERNAL,EMP_AFS,EMP_CON,EMP_GOV,EMP_HCS,EMP_IFRPBS,EMP_NRM,EMP_OSV,EMP_RET,EMP_AER,EMP_MFG,EMP_WT,EMP_EDU,EMP_TWU,EMP_TOTAL,ENROLLGRADEKto8,ENROLLGRADE9to12,DIST_Kto8,DIST_9to12,COLLEGEENROLL,PRKCST_HR,PRKCST_DAY,PRKCST_MNTH,PRKSPACES,INTHMI,PARKATTRACT,TERMINALTIME,ESCOOACCTIME,EBIKEACCTIME,PNR_SPACES,DISTRICT9,TOTHHS,TOTPOP,ACRES,walk_dist_local_bus,walk_dist_premium_transit
1,1,0,325,4,63,0,316,6,2,129,0,0,0,0,0,1106,0,0,PORTLAND,PORTLAND,0,2.4,0.0,0.0,,290,0,,,,0,1,0,0,0.0,0.111,0.114
2,1,0,23,0,0,22,164,0,1,10,14,4,0,0,0,300,0,0,PORTLAND,PORTLAND,0,2.4,14.0,12.91,,300,0,,,,0,1,0,0,1.6633769723569505,0.025,0.025
3,1,0,0,0,0,0,0,0,0,96,0,0,0,0,0,95,0,0,PORTLAND,PORTLAND,0,2.4,0.0,0.0,,295,0,,,,0,1,1,1,1.6484082031656957,0.0,0.0
4,1,0,0,0,0,0,0,0,0,0,0,0,0,0,0,0,0,0,PORTLAND,PORTLAND,0,2.4,0.0,0.0,,303,0,,,,0,1,0,0,1.6929867345479397,0.025,0.025
5,1,0,5,0,0,0,278,0,4,0,3,0,32,0,0,488,0,0,PORTLAND,PORTLAND,0,2.4,0.0,0.0,,281,0,,,,0,1,0,0,1.6658739496278083,0.0,0.0
6,1,0,178,581,526,95,2481,15,282,50,1,95,419,32,93,3140,0,0,PORTLAND,PORTLAND,0,2.4,13.0,13.0,,292,0,,,,0,1,0,0,1.674021284577425,0.0,0.0
7,1,0,0,0,0,0,30,0,0,0,0,0,0,0,615,603,0,0,PORTLAND,PORTLAND,0,2.4,0.0,0.0,,260,0,,,,0,1,0,0,1.6715201601537917,0.048,0.151
8,1,0,6,0,0,0,0,0,0,13,0,0,0,0,0,18,0,0,PORTLAND,PORTLAND,0,2.4,18.0,14.65,,275,0,,,,0,1,0,0,1.6182736818939645,0.078,0.078
9,1,0,130,4,10,8,152,0,3,2,0,0,0,1,0,413,0,0,PORTLAND,PORTLAND,0,2.4,11.0,8.96,,264,0,,,,0,1,0,0,1.667942492330622,0.097,0.103
10,1,0,0,0,0,8,15,0,3,32,0,0,0,0,0,49,0,0,PORTLAND,PORTLAND,0,2.4,15.7,12.5,,274,0,,,,0,1,5,5,1.6054031542468417,0.078,0.078
11,1,0,2,0,0,0,34,0,0,8,0,0,0,0,0,39,0,0,PORTLAND,PORTLAND,0,2.4,15.0,13.7,,268,0,,,,0,1,0,0,1.6441747428245526,0.127,0.019
12,1,0,54,0,0,0,8,0,0,57,0,0,0,0,0,70,0,0,PORTLAND,PORTLAND,0,2.4,0.0,0.0,,279,0,,,,0,1,0,0,1.6236077364165518,0.097,0.1
13,2,0,2,0,17,0,120,0,23,69,0,0,0,0,0,227,0,0,PORTLAND,PORTLAND,0,2.4,0.0,0.0,,290,0,,,,0,1,0,0,1.6934901763611443,0.027,0.027
14,2,0,221,0,0,0,252,0,15,41,0,0,0,0,0,584,0,0,PORTLAND,PORTLAND,0,2.4,0.0,0.0,,305,0,,,,0,1,0,0,1.6756281073418473,0.0,0.024
15,2,0,86,0,0,4,583,0,0,8,0,0,5,0,0,759,0,0,PORTLAND,PORTLAND,0,2.4,0.0,0.0,,295,0,,,,0,1,0,0,1.7108046182456784,0.0,0.0
16,2,0,0,0,0,3,332,0,27,0,0,0,15,3,0,267,0,0,PORTLAND,PORTLAND,0,2.4,0.0,0.0,,305,0,,,,0,1,92,116,1.6459321623541463,0.0,0.024
17,2,0,0,4,0,26,1177,0,2,29,0,0,0,0,0,1171,0,0,PORTLAND,PORTLAND,0,2.4,20.0,16.28,,271,0,,,,0,1,0,0,1.6873564761917892,0.127,0.019
18,2,0,77,0,0,0,0,0,14,2,0,0,0,0,0,76,0,0,PORTLAND,PORTLAND,0,2.4,0.0,0.0,,280,0,,,,0,1,0,0,1.6120043117579703,0.048,0.051
19,2,0,17,0,0,7,22,0,19,14,6,16,1,0,0,113,0,0,PORTLAND,PORTLAND,0,2.4,21.0,10.0,,271,0,,,,0,1,0,0,1.669718425748548,0.0,0.152
20,2,0,5,1,0,0,128,0,4,4,9,0,2,0,0,388,0,0,PORTLAND,PORTLAND,0,2.4,10.0,12.82,,280,0,,,,0,1,0,0,1.6112162900703184,0.0,0.1
21,3,0,0,0,0,0,0,0,0,9,0,0,0,0,0,13,0,0,PORTLAND,PORTLAND,0,2.4,9.75,9.05,,246,0,,,,0,1,0,0,1.6724770749212885,0.0,0.0
22,3,0,162,2,0,31,2706,0,5,7,0,0,3,0,2,3829,0,0,PORTLAND,PORTLAND,0,2.4,26.0,21.16,,271,0,,,,0,1,0,0,1.166340658558528,0.0,0.0
23,3,0,0,0,0,0,0,0,0,0,0,0,0,0,0,0,0,0,PORTLAND,PORTLAND,0,2.4,0.0,0.0,,313,3,,,,0,1,0,0,3.650661109061944,0.084,0.148
24,3,0,0,0,0,184,0,0,0,0,0,0,0,0,0,210,0,0,PORTLAND,PORTLAND,0,2.4,0.0,0.0,,302,0,,,,0,1,0,0,0.5326422455357304,0.017,0.048
25,3,0,0,0,0,0,90,0,0,0,0,0,0,0,0,85,0,0,PORTLAND,PORTLAND,0,2.4,13.0,11.77,,285,0,,,,0,1,119,126,0.7772867394426929,0.0,0.031
26,3,0,0,0,0,0,20,0,0,0,0,0,0,0,0,26,0,0,PORTLAND,PORTLAND,0,2.4,0.0,0.0,,321,0,,,,0,1,0,0,1.1400551553685587,0.032,0.205
27,3,0,0,0,0,19,0,0,0,4,0,0,0,0,0,31,0,0,PORTLAND,PORTLAND,0,2.4,0.0,0.0,,297,0,,,,0,1,1,1,1.3220287299372866,0.0,0.0
28,3,0,0,0,81,7,129,0,0,0,0,5,11,0,0,296,0,0,PORTLAND,PORTLAND,0,2.4,14.0,11.77,,304,0,,,,0,1,0,0,1.6717393482713658,0.0,0.0
29,3,0,125,0,64,3,237,0,9,0,1,0,0,0,1,293,0,0,PORTLAND,PORTLAND,0,2.4,0.0,0.0,,316,0,,,,0,1,0,0,1.6724402986393905,0.0,0.101
30,3,0,17,0,0,14,15,0,6,0,0,0,0,0,10,65,0,0,PORTLAND,PORTLAND,0,2.4,0.0,0.0,,293,0,,,,0,1,0,0,1.6676032817286577,0.0,0.0
31,3,0,0,0,0,2,219,59,4,0,0,0,29,0,0,388,0,0,PORTLAND,PORTLAND,0,2.4,12.0,9.77,,319,0,,,,0,1,2,2,1.6793523852455514,0.027,0.151
32,3,0,67,0,0,0,846,0,13,0,0,0,0,0,0,1212,0,0,PORTLAND,PORTLAND,0,2.4,0.0,0.0,,300,0,,,,0,1,0,0,1.5708424484498729,0.0,0.0
33,3,0,0,0,0,0,0,0,0,0,0,0,0,0,0,0,0,0,PORTLAND,PORTLAND,0,2.4,0.0,0.0,,324,3,,,,0,1,0,0,1.6866192139632936,0.0,0.138
34,3,0,1,0,0,0,126,0,1,0,0,0,124,0,0,258,0,0,PORTLAND,PORTLAND,0,2.4,12.0,9.77,,313,0,,,,0,1,0,0,0.9350760684896252,0.049,0.051
35,3,0,0,0,1014,0,0,0,143,0,0,0,0,0,0,694,0,0,PORTLAND,PORTLAND,0,2.4,0.0,0.0,,277,0,,,,0,1,0,0,1.678629840951222,0.0,0.0
36,3,0,146,0,0,0,5,0,1,0,0,0,0,0,0,121,0,0,PORTLAND,PORTLAND,0,2.4,0.0,0.0,,317,0,,,,0,1,0,0,1.6669725727203633,0.1,0.102
37,3,0,0,0,0,30,625,0,1,0,0,0,0,0,0,815,0,0,PORTLAND,PORTLAND,0,2.4,20.0,16.28,,260,0,,,,0,1,0,0,1.5775658358927631,0.0,0.0
38,3,0,0,0,1,47,0,0,0,0,0,0,0,0,0,22,0,23,PORTLAND,PORTLAND,0,2.4,0.0,0.0,,320,0,,,,0,1,0,0,1.4300813615620849,0.049,0.129
39,3,0,10,0,0,0,35,0,31,0,0,0,0,0,0,65,0,0,PORTLAND,PORTLAND,0,2.4,14.0,12.25,,297,0,,,,0,1,39,39,1.228577635855726,0.0,0.031
40,3,0,11,0,8,6,202,0,0,10,0,0,2,0,7,229,0,0,PORTLAND,PORTLAND,0,2.4,0.0,0.0,,314,0,,,,0,1,7,7,1.6012271136344274,0.056,0.12
41,3,0,39,0,0,0,87,0,0,0,0,0,5,0,0,139,0,0,PORTLAND,PORTLAND,0,2.4,12.0,13.18,,272,0,,,,0,1,3,3,1.1857354812730807,0.083,0.094
42,3,0,92,11,0,1,181,0,23,4,0,0,0,2,0,469,0,0,PORTLAND,PORTLAND,0,2.4,0.0,0.0,,285,0,,,,0,1,0,0,1.6068912711633316,0.0,0.051
43,3,0,21,0,0,0,4,0,0,2,0,0,0,0,0,28,0,0,PORTLAND,PORTLAND,0,2.4,20.0,16.28,,269,0,,,,0,1,26,26,1.6702659668977653,0.048,0.11
44,3,0,0,3,0,0,52,0,34,3,0,0,0,0,0,121,0,0,PORTLAND,PORTLAND,0,2.4,15.0,12.21,,277,0,,,,0,1,0,0,1.6125165242017716,0.048,0.1
45,3,0,0,0,0,0,30,0,0,0,0,0,0,0,0,92,0,0,PORTLAND,PORTLAND,0,2.4,10.25,10.77,,259,0,,,,0,1,0,0,1.67243743223037,0.0,0.104
46,3,0,0,0,0,0,330,0,0,5,0,3,0,0,5,268,0,0,PORTLAND,PORTLAND,0,2.4,15.31,11.36,,268,0,,,,0,1,113,124,1.6296306290641254,0.0,0.052
47,3,0,17,1,0,0,34,0,10,0,0,0,0,3,0,59,0,0,PORTLAND,PORTLAND,0,2.4,0.0,0.0,,243,0,,,,0,1,96,102,1.6529541198668205,0.049,0.104
48,3,0,196,0,0,0,15,0,10,0,0,0,0,0,0,262,0,0,PORTLAND,PORTLAND,0,2.4,0.0,0.0,,249,0,,,,0,1,32,34,1.6440680182969671,0.052,0.052
49,3,0,49,0,0,0,10,0,17,5,9,0,0,0,0,144,0,0,PORTLAND,PORTLAND,0,2.4,0.0,0.0,,230,0,,,,0,1,0,0,1.6602172441801424,0.09,0.108
50,3,0,0,0,0,0,0,0,0,0,0,0,0,0,0,0,0,0,PORTLAND,PORTLAND,0,2.4,0.0,0.0,,240,0,,,,0,1,0,0,1.0123463442414418,0.109,0.127
51,3,0,6,0,0,0,0,0,0,0,0,0,0,0,0,5,0,0,PORTLAND,PORTLAND,0,2.4,9.0,7.33,,233,0,,,,0,1,0,0,0.3556276246452546,0.038,0.056
52,3,0,66,0,0,0,0,0,0,2,0,0,0,0,0,47,0,0,PORTLAND,PORTLAND,0,2.4,0.0,0.0,,226,0,,,,0,1,0,0,1.2540853502904388,0.109,0.127
53,4,0,0,0,0,0,2,0,0,0,0,0,0,0,0,5,0,0,PORTLAND,PORTLAND,0,2.4,0.0,0.0,,241,3,,,,0,1,39,41,1.2973569633627395,0.045,0.195
54,4,0,0,0,0,0,0,0,0,0,0,0,0,0,0,0,0,0,PORTLAND,PORTLAND,0,2.4,0.0,0.0,,251,0,,,,0,1,0,0,34.69835040929281,0.0,0.193
55,4,0,0,0,0,0,1,0,0,3,0,0,0,0,0,5,0,0,PORTLAND,PORTLAND,0,2.4,12.0,12.68,,261,0,,,,0,1,0,0,2.1356078845791697,0.083,0.094
56,4,0,0,0,0,0,76,143,0,0,0,0,4,0,0,355,0,0,PORTLAND,PORTLAND,0,2.4,11.0,8.96,,256,0,,,,0,1,0,0,1.7045783842577078,0.03,0.0
57,4,0,12,150,564,28,114,51,0,0,0,3,0,0,0,2183,0,0,PORTLAND,PORTLAND,0,2.4,0.0,0.0,,261,0,,,,0,1,9,9,1.607878715073459,0.03,0.0
58,4,0,65,0,0,0,21,0,45,1,0,0,0,0,0,172,0,0,PORTLAND,PORTLAND,0,2.4,0.0,0.0,,246,0,,,,0,1,0,0,1.5494571731129716,0.0,0.047
59,4,0,41,0,0,0,16,0,0,0,0,0,0,0,0,57,0,0,PORTLAND,PORTLAND,0,2.4,12.0,9.77,,254,0,,,,0,1,6,6,1.591345950467043,0.0,0.03
60,4,0,30,0,0,15,13,0,0,0,0,0,0,0,0,66,0,0,PORTLAND,PORTLAND,0,2.4,12.5,10.18,,237,0,,,,0,1,0,0,1.5494618764877872,0.049,0.096
61,4,0,39,0,405,0,35,0,40,9,0,0,0,0,0,339,0,0,PORTLAND,PORTLAND,0,2.4,18.0,14.65,,241,0,,,,0,1,9,9,1.561606728062414,0.097,0.138
62,4,0,0,0,125,0,0,0,0,0,0,0,0,0,0,107,0,0,PORTLAND,PORTLAND,0,2.4,0.0,0.0,,222,3,,,,0,1,0,0,1.5673886283521714,0.073,0.156
63,4,0,6,0,0,0,2,0,0,4,0,0,0,0,0,21,0,0,PORTLAND,PORTLAND,0,2.4,0.0,0.0,,229,0,,,,0,1,0,0,1.946609515069344,0.073,0.156
64,4,0,0,0,0,234,0,0,0,3,0,0,0,0,0,292,0,0,PORTLAND,PORTLAND,0,2.4,0.0,0.0,,216,0,,,,0,1,22,22,1.494185619695788,0.01,0.0
65,4,0,0,0,0,0,0,0,0,0,0,0,0,0,0,0,0,0,PORTLAND,PORTLAND,0,2.4,0.0,0.0,,217,0,,,,0,1,36,36,1.3053326591445602,0.01,0.0
66,5,0,0,0,0,0,9,0,35,0,0,0,0,0,0,49,0,0,PORTLAND,PORTLAND,0,2.4,0.0,0.0,,279,0,,,,0,1,22,22,1.286830301654319,0.0,0.262
67,5,0,0,0,0,0,9,0,8,0,0,0,0,0,0,15,0,0,PORTLAND,PORTLAND,0,2.4,11.75,12.6,,293,0,,,,0,1,1,1,1.604382897687055,0.0,0.262
68,5,0,0,0,0,50,0,0,1,0,0,0,0,0,0,64,0,0,PORTLAND,PORTLAND,0,2.4,0.0,0.0,,303,0,,,,0,1,56,66,1.6453625802103908,0.048,0.332
69,5,0,5,0,0,29,197,0,106,0,0,0,2,19,0,535,0,0,PORTLAND,PORTLAND,0,2.4,12.5,10.0,,309,0,,,,0,1,0,0,1.7094608487349583,0.097,0.194
70,5,0,0,0,0,1,0,0,17,0,0,0,0,0,0,30,0,0,PORTLAND,PORTLAND,0,2.4,14.0,10.46,,308,0,,,,0,1,0,0,1.7236210700999297,0.0,0.242
71,5,0,101,0,0,6,0,0,0,2,0,0,0,0,0,63,0,0,PORTLAND,PORTLAND,0,2.4,0.0,0.0,,311,0,,,,0,1,0,0,1.7388212687617306,0.0,0.292
72,5,0,0,0,0,0,0,0,0,0,0,0,0,0,0,0,0,0,PORTLAND,PORTLAND,0,2.4,0.0,0.0,,306,0,,,,0,1,117,141,1.7129049524295037,0.035,0.347
73,5,0,57,0,0,0,28,0,5,21,0,0,22,0,0,135,0,0,PORTLAND,PORTLAND,0,2.4,13.0,10.58,,304,0,,,,0,1,0,0,0.8730649113923236,0.0,0.312
74,5,0,176,0,0,2,381,0,9,7,0,0,0,0,0,520,0,0,PORTLAND,PORTLAND,0,2.4,12.0,12.5,,310,0,,,,0,1,7,8,1.5474925860330944,0.051,0.311
75,5,0,34,0,0,0,0,0,0,0,0,0,0,0,0,45,0,0,PORTLAND,PORTLAND,0,2.4,0.0,0.0,,308,0,,,,0,1,274,341,1.684945568356964,0.0,0.319
76,5,0,0,0,0,0,0,0,0,0,0,0,0,0,0,0,0,0,PORTLAND,PORTLAND,0,2.4,0.0,0.0,,266,0,,,,0,1,0,0,0.4163023335276992,0.098,0.433
77,5,0,12,0,0,281,32,0,0,0,0,0,0,0,0,329,0,0,PORTLAND,PORTLAND,0,2.4,0.0,0.0,,263,0,,,,0,1,18,18,3.086860877328012,0.0,0.335
78,5,0,0,0,0,0,0,0,0,0,0,0,0,0,0,0,0,0,PORTLAND,PORTLAND,0,2.4,0.0,0.0,,306,0,,,,0,1,143,154,3.241959842377917,0.0,0.242
79,5,0,0,0,0,0,3,0,0,0,0,0,0,0,0,1,2,30,PORTLAND,PORTLAND,0,2.4,0.0,0.0,,308,0,,,,0,1,0,0,1.1628766083353557,0.035,0.347
80,5,0,0,0,0,0,0,0,0,0,0,0,0,0,0,0,0,0,PORTLAND,PORTLAND,0,2.4,0.0,0.0,,288,0,,,,0,1,133,160,1.5390963751755764,0.135,0.317
81,5,0,0,0,0,0,0,0,0,0,0,0,0,0,0,0,0,0,PORTLAND,PORTLAND,0,2.4,0.0,0.0,,300,0,,,,0,1,0,0,1.011005406562363,0.135,0.317
82,5,0,0,0,0,0,0,0,0,0,0,0,0,0,0,0,0,0,PORTLAND,PORTLAND,0,2.4,0.0,0.0,,303,0,,,,0,1,0,0,0.9908696847169872,0.097,0.194
83,6,0,4,0,0,0,84,0,0,0,0,0,0,0,0,82,0,0,PORTLAND,PORTLAND,0,2.4,0.0,0.0,,311,0,,,,0,1,0,0,1.021717564604396,0.026,0.286
84,6,0,33,0,0,0,24,0,8,39,0,0,0,0,0,129,0,0,PORTLAND,PORTLAND,0,2.4,0.0,0.0,,316,0,,,,0,1,93,93,1.0996451418744164,0.0,0.234
85,6,0,40,0,0,1,13,0,11,0,0,2,0,0,0,90,0,0,PORTLAND,PORTLAND,0,2.4,0.0,0.0,,314,0,,,,0,1,10,10,1.7156532189277267,0.0,0.236
86,6,0,41,24,107,3,134,0,19,9,74,0,0,5,0,445,0,0,PORTLAND,PORTLAND,0,2.4,0.0,0.0,,319,0,,,,0,1,0,0,0.715088302194791,0.039,0.0
87,6,0,0,0,0,0,0,0,0,0,0,0,0,0,0,0,0,0,PORTLAND,PORTLAND,0,2.4,0.0,0.0,,309,0,,,,0,1,0,0,1.5629639073673838,0.024,0.063
88,6,0,20,0,0,87,11,0,1,0,0,0,0,0,0,145,0,0,PORTLAND,PORTLAND,0,2.4,12.5,12.25,,309,0,,,,0,1,12,12,1.6545935532394729,0.098,0.192
89,6,0,1,0,0,0,12,0,0,0,0,0,0,0,0,25,0,0,PORTLAND,PORTLAND,0,2.4,14.0,11.4,,321,0,,,,0,1,0,0,1.677437686140967,0.01,0.0
90,6,0,61,0,0,37,25,0,2,14,0,0,0,0,0,84,0,0,PORTLAND,PORTLAND,0,2.4,0.0,0.0,,313,0,,,,0,1,0,0,1.5992760164294608,0.024,0.063
91,6,0,0,0,0,32,91,0,0,0,0,11,0,0,0,150,0,0,PORTLAND,PORTLAND,0,2.4,0.0,0.0,,309,0,,,,0,1,47,47,1.6804430915809303,0.049,0.143
92,6,0,0,0,0,0,0,0,0,0,0,0,0,0,0,0,0,0,PORTLAND,PORTLAND,0,2.4,0.0,0.0,,327,0,,,,0,1,0,0,1.684454234415983,0.01,0.0
93,6,0,164,1,0,4,3,0,4,20,0,0,1,0,0,115,0,0,PORTLAND,PORTLAND,0,2.4,18.0,14.65,,318,0,,,,0,1,0,0,1.5928270886837017,0.0,0.164
94,6,0,264,0,0,40,61,0,22,0,0,0,1,0,0,205,0,0,PORTLAND,PORTLAND,0,2.4,0.0,0.0,,314,0,,,,0,1,2,2,1.670256259968136,0.0,0.29
95,6,0,272,0,0,0,174,0,0,0,0,0,0,0,0,381,0,0,PORTLAND,PORTLAND,0,2.4,0.0,0.0,,326,0,,,,0,1,0,0,1.6717291851203473,0.0,0.14
96,6,0,29,8,0,94,41,0,0,0,0,1,0,0,0,140,0,0,PORTLAND,PORTLAND,0,2.4,18.0,13.18,,317,0,,,,0,1,0,0,1.5641402358415044,0.0,0.188
97,6,0,11,292,0,0,151,0,1,0,0,0,1,0,0,583,0,0,PORTLAND,PORTLAND,0,2.4,11.0,12.96,,313,0,,,,0,1,0,0,1.6728477172187777,0.0,0.241
98,6,0,1,0,0,0,719,0,0,6,5,0,0,0,0,589,0,0,PORTLAND,PORTLAND,0,2.4,0.0,0.0,,328,0,,,,0,1,26,26,1.6711223807379183,0.0,0.23
99,6,0,8,0,0,0,45,0,0,27,0,0,0,8,0,46,0,0,PORTLAND,PORTLAND,0,2.4,0.0,0.0,,318,0,,,,0,1,0,0,1.597578647153853,0.0,0.236
100,6,0,168,0,0,0,37,0,1,8,0,0,2,0,0,248,0,0,PORTLAND,PORTLAND,0,2.4,0.0,0.0,,311,0,,,,0,1,0,0,1.6346702389462562,0.051,0.311
101,6,0,0,0,0,0,25,0,0,0,0,0,0,0,0,22,0,0,PORTLAND,PORTLAND,0,2.4,11.0,11.14,,321,0,,,,0,1,26,26,1.66881824031794,0.0,0.181
102,6,0,68,0,0,0,0,0,8,4,0,0,0,0,0,92,0,0,PORTLAND,PORTLAND,0,2.4,11.8,10.0,,313,0,,,,0,1,0,0,1.670818161626772,0.0,0.137
103,6,0,7,0,0,52,52,0,2,11,12,0,1,0,0,122,0,0,PORTLAND,PORTLAND,0,2.4,11.0,10.0,,300,0,,,,0,1,9,9,1.5981282020729266,0.0,0.189
104,6,0,0,0,0,0,73,0,17,0,0,0,0,75,0,358,0,0,PORTLAND,PORTLAND,0,2.4,0.0,0.0,,300,0,,,,0,1,0,0,1.692732612134282,0.0,0.241
105,7,0,73,0,18,25,934,0,17,8,141,0,4,12,0,1055,0,0,PORTLAND,PORTLAND,0,2.4,12.75,10.38,,311,0,,,,0,1,78,78,1.6794597155162525,0.024,0.011
106,7,0,7,296,548,0,956,0,6,48,0,0,20,0,0,1334,0,0,PORTLAND,PORTLAND,0,2.4,14.0,13.96,,318,0,,,,0,1,0,0,1.6716876523242366,0.078,0.136
107,7,0,0,0,0,0,0,0,0,0,0,0,0,0,0,0,0,0,PORTLAND,PORTLAND,0,2.4,0.0,0.0,,326,3,,,,0,1,0,0,1.5793027962664852,0.049,0.137
108,7,0,52,0,8,0,47,0,0,0,0,0,0,0,0,70,0,0,PORTLAND,PORTLAND,0,2.4,0.0,0.0,,315,3,,,,0,1,0,0,0.8914068877352082,0.024,0.011
109,7,0,0,0,0,0,2,0,0,378,0,0,0,0,0,312,0,0,PORTLAND,PORTLAND,0,2.4,0.0,0.0,,325,0,,,,0,1,0,0,1.6860095935479105,0.05,0.087
110,7,0,0,0,0,0,558,0,0,4,0,2,0,0,0,201,0,0,PORTLAND,PORTLAND,0,2.4,14.0,11.4,,329,0,,,,0,1,0,0,1.5832840494152158,0.049,0.01
111,7,0,1,4,0,3,432,0,26,28,0,0,1,21,5,465,0,0,PORTLAND,PORTLAND,0,2.4,0.0,0.0,,318,0,,,,0,1,168,215,0.8828961818100157,0.0,0.021
112,7,0,36,0,0,0,43,0,13,0,0,0,6,0,0,83,0,0,PORTLAND,PORTLAND,0,2.4,0.0,0.0,,323,0,,,,0,1,0,0,1.651704007801476,0.0,0.069
113,7,0,2,0,0,0,3,0,0,7,0,0,0,0,0,9,0,0,PORTLAND,PORTLAND,0,2.4,0.0,0.0,,325,0,,,,0,1,25,30,1.5814956219532377,0.0,0.041
114,7,0,57,0,0,0,237,0,1,6,0,0,0,31,0,196,0,0,PORTLAND,PORTLAND,0,2.4,16.0,11.55,,315,0,,,,0,1,82,105,0.8965035714624098,0.0,0.053
115,7,0,1,0,0,0,244,0,13,56,0,31,0,0,0,192,0,0,PORTLAND,PORTLAND,0,2.4,0.0,0.0,,329,0,,,,0,1,0,0,1.645333734336592,0.0,0.103
116,7,0,171,0,0,0,33,0,1,10,0,0,0,0,0,124,0,0,PORTLAND,PORTLAND,0,2.4,0.0,0.0,,327,0,,,,0,1,0,0,1.583049387948184,0.0,0.09
117,7,0,390,0,0,0,5,0,0,0,0,0,0,0,0,230,0,0,PORTLAND,PORTLAND,0,2.4,0.0,0.0,,305,0,,,,0,1,0,0,0.9253683943916642,0.0,0.052
118,7,0,0,0,0,0,140,0,0,25,0,0,0,0,0,69,0,0,PORTLAND,PORTLAND,0,2.4,0.0,0.0,,312,0,,,,0,1,0,0,1.6705049425060954,0.0,0.102
119,7,0,68,0,0,0,0,0,37,0,0,0,0,0,0,121,0,0,PORTLAND,PORTLAND,0,2.4,0.0,0.0,,321,0,,,,0,1,183,237,1.5875659658798251,0.0,0.13
120,8,0,3,113,930,0,0,0,0,0,0,0,0,0,0,1114,0,0,PORTLAND,PORTLAND,0,2.4,0.0,0.0,,227,3,,,,0,1,0,0,0.8709465374150231,0.041,0.325
121,8,0,7,0,40,0,0,0,0,0,0,0,0,0,0,63,0,0,PORTLAND,PORTLAND,0,2.4,16.0,11.96,,239,0,,,,0,1,0,0,2.210298984196536,0.0,0.154
122,8,0,0,0,0,0,0,0,0,0,0,0,0,0,0,0,0,0,PORTLAND,PORTLAND,0,2.4,0.0,0.0,,237,0,,,,0,1,0,0,1.5694319386879068,0.0,0.234
123,8,0,7,0,5,0,420,0,55,0,0,0,0,0,0,228,0,0,PORTLAND,PORTLAND,0,2.4,25.0,11.82,,247,0,,,,0,1,0,0,1.7951610750219296,0.028,0.28
124,8,0,0,0,0,0,0,0,0,0,0,0,0,0,0,0,0,0,PORTLAND,PORTLAND,0,2.4,0.0,0.0,,240,0,,,,0,1,0,0,1.5328716048983555,0.127,0.259
125,8,0,6,12,432,9,340,0,21,0,0,1,2,0,12,1317,0,0,PORTLAND,PORTLAND,0,2.4,19.0,15.47,,254,0,,,,0,1,0,0,1.7384206558138935,0.0,0.155
126,8,0,0,0,0,0,0,0,5,0,0,0,0,0,0,6,0,0,PORTLAND,PORTLAND,0,2.4,14.0,11.14,,250,0,,,,0,1,2,2,1.5366625848895676,0.05,0.184
127,8,0,8,3,58,81,1197,0,19,0,0,0,16,55,3,3423,0,0,PORTLAND,PORTLAND,0,2.4,0.0,0.0,,262,0,,,,0,1,0,0,1.6632248414140756,0.098,0.137
128,8,0,20,17,0,154,140,0,0,0,0,0,0,0,0,497,0,0,PORTLAND,PORTLAND,0,2.4,15.0,12.21,,244,0,,,,0,1,0,0,1.5632104372843776,0.18,0.187
129,8,0,31,0,0,0,93,0,8,0,0,7,0,4,0,172,0,0,PORTLAND,PORTLAND,0,2.4,0.0,0.0,,259,0,,,,0,1,3,3,1.689582569742657,0.125,0.0
130,8,0,55,0,0,0,69,0,3,0,11,0,0,0,0,185,0,0,PORTLAND,PORTLAND,0,2.4,0.0,0.0,,251,0,,,,0,1,1,1,1.5525437328056253,0.157,0.032
131,8,0,5,0,0,0,24,0,0,0,0,0,0,143,0,210,0,0,PORTLAND,PORTLAND,0,2.4,15.0,12.55,,259,0,,,,0,1,0,0,1.6583492204224135,0.125,0.0
132,8,0,2,0,0,0,1,0,0,0,17,0,0,0,0,26,0,0,PORTLAND,PORTLAND,0,2.4,0.0,0.0,,233,3,,,,0,1,0,0,1.5538194634526732,0.246,0.207
133,8,0,0,0,0,0,787,0,1,0,0,0,0,0,0,524,0,0,PORTLAND,PORTLAND,0,2.4,25.0,10.23,,263,0,,,,0,1,25,25,39.30413334612749,0.049,0.043
134,8,0,0,0,0,0,0,0,0,0,0,0,0,0,0,0,0,0,PORTLAND,PORTLAND,0,2.4,0.0,0.0,,259,0,,,,0,1,0,0,1.5242915652443612,0.26,0.223
135,8,0,0,0,0,0,0,0,0,0,0,0,0,0,0,0,0,0,PORTLAND,PORTLAND,0,2.4,15.0,11.59,,263,0,,,,0,1,0,0,2.788012127913644,0.0,0.15
136,9,0,0,0,0,0,28,0,0,0,95,0,0,0,0,216,0,0,PORTLAND,PORTLAND,0,2.4,0.0,0.0,,284,0,,,,0,1,0,0,1.4118006245306958,0.096,0.282
137,9,0,12,0,0,132,100,0,0,7,0,0,0,0,0,255,0,0,PORTLAND,PORTLAND,0,2.4,0.0,0.0,,274,0,,,,0,1,0,0,3.284074829132222,0.0,0.332
138,9,0,4,16,0,5,35,0,0,0,0,0,0,36,0,170,136,118,PORTLAND,PORTLAND,0,2.4,0.0,0.0,,269,0,,,,0,1,352,440,3.334793938458561,0.0,0.332
139,9,0,8,0,0,0,0,0,0,0,0,0,0,0,0,10,0,0,PORTLAND,PORTLAND,0,2.4,14.0,12.62,,301,0,,,,0,1,537,698,3.34060960102474,0.0,0.186
140,9,0,0,0,0,10,68,0,32,0,0,0,0,0,0,85,0,0,PORTLAND,PORTLAND,0,2.4,11.0,12.62,,286,0,,,,0,1,40,43,1.6228551852691004,0.0,0.341
141,9,0,0,0,0,0,0,0,0,0,0,0,0,0,0,0,0,0,PORTLAND,PORTLAND,0,2.4,9.25,12.07,,288,0,,,,0,1,81,92,1.6595806329335807,0.048,0.289
142,10,0,0,0,0,0,4,0,25,0,0,0,0,0,0,40,0,0,PORTLAND,PORTLAND,0,2.4,0.0,0.0,,274,0,,,,0,1,14,15,1.6604339060726825,0.0,0.0
143,10,0,37,0,0,0,5,0,7,0,63,0,0,0,0,153,0,0,PORTLAND,PORTLAND,0,2.4,0.0,0.0,,283,0,,,,0,1,41,48,1.6658515200157962,0.0,0.152
144,10,0,0,0,0,0,0,0,0,0,0,0,0,0,0,0,0,0,PORTLAND,PORTLAND,0,2.4,0.0,0.0,,287,3,,,,0,1,64,81,1.5798648213566877,0.0,0.179
145,10,0,0,0,75,0,20,0,16,0,1,0,0,13,0,57,0,0,PORTLAND,PORTLAND,0,2.4,0.0,0.0,,288,0,,,,0,1,0,0,0.822243542461405,0.0,0.053
146,10,0,44,0,317,0,3,0,1,0,4,0,0,0,0,196,0,0,PORTLAND,PORTLAND,0,2.4,0.0,0.0,,292,0,,,,0,1,0,0,1.672790486419902,0.05,0.103
147,10,0,0,0,0,0,0,0,0,0,0,0,0,0,0,0,0,0,PORTLAND,PORTLAND,0,2.4,0.0,0.0,,294,3,,,,0,1,10,10,1.5935505177889235,0.096,0.282
148,10,0,0,0,1,1,544,0,5,1,3,189,0,0,0,619,0,0,PORTLAND,PORTLAND,0,2.4,14.64,11.36,,294,0,,,,0,1,0,0,0.8356337906612008,0.0,0.102
149,10,0,78,0,0,0,0,0,0,1,0,0,0,0,0,59,0,0,PORTLAND,PORTLAND,0,2.4,0.0,0.0,,300,0,,,,0,1,1,1,1.681316368037287,0.049,0.151
150,10,0,0,0,0,0,0,0,0,0,0,0,0,0,0,0,0,0,PORTLAND,PORTLAND,0,2.4,0.0,0.0,,307,3,,,,0,1,0,0,1.5924103266506129,0.048,0.234
151,11,0,0,0,106,0,42,0,0,0,0,2,0,0,0,165,0,0,PORTLAND,PORTLAND,0,2.4,0.0,0.0,,262,0,,,,0,1,0,0,0.8343126524947133,0.0,0.0
152,11,0,4,0,0,0,669,0,0,0,2,0,18,0,0,1053,0,0,PORTLAND,PORTLAND,0,2.4,24.0,11.82,,267,0,,,,0,1,0,0,1.657625463163704,0.0,0.0
153,11,0,0,0,1493,22,5,0,1,0,0,0,0,14,0,1576,0,0,PORTLAND,PORTLAND,0,2.4,0.0,0.0,,264,0,,,,0,1,0,0,1.652424970915803,0.023,0.074
154,11,0,0,0,0,0,388,0,4,0,0,0,0,2,0,206,0,0,PORTLAND,PORTLAND,0,2.4,15.0,12.21,,279,0,,,,0,1,0,0,1.6708709358279408,0.0,0.025
155,11,0,0,0,0,2,0,0,0,0,0,0,0,0,0,2,0,0,PORTLAND,PORTLAND,0,2.4,0.0,0.0,,275,0,,,,0,1,0,0,1.6790729961391286,0.0,0.0
156,11,0,65,2,100,7,470,0,24,1,0,0,2,5,2,920,0,0,PORTLAND,PORTLAND,0,2.4,0.0,0.0,,286,0,,,,0,1,0,0,1.6664205070105678,0.0,0.025
157,11,0,0,8,2121,0,5,0,3,0,0,0,0,0,0,1183,0,0,PORTLAND,PORTLAND,0,2.4,0.0,0.0,,249,0,,,,0,1,0,0,1.6679030126460834,0.0,0.102
158,11,0,0,0,0,0,0,0,0,0,0,0,0,0,0,0,0,0,PORTLAND,PORTLAND,0,2.4,0.0,0.0,,251,3,,,,0,1,0,0,1.6726142716336034,0.0,0.051
159,11,0,10,4,877,0,0,0,0,0,0,0,0,0,0,583,0,0,PORTLAND,PORTLAND,0,2.4,0.0,0.0,,252,0,,,,0,1,0,0,1.742631703295861,0.0,0.151
160,11,0,0,0,0,0,0,0,0,0,0,0,0,0,0,0,0,0,PORTLAND,PORTLAND,0,2.4,0.0,0.0,,268,3,,,,0,1,0,0,1.548312582403614,0.0,0.051
161,11,0,0,0,0,0,0,0,0,0,0,0,0,0,0,0,0,0,PORTLAND,PORTLAND,0,2.4,0.0,0.0,,257,3,,,,0,1,0,0,1.7299828258852996,0.023,0.074
162,11,0,0,1,428,0,15,0,0,0,0,0,0,0,0,434,0,0,PORTLAND,PORTLAND,0,2.4,0.0,0.0,,259,0,,,,0,1,0,0,1.6569890732914174,0.0,0.103
163,12,0,0,0,0,0,7,0,0,152,0,0,0,0,0,63,0,0,PORTLAND,PORTLAND,0,2.4,0.0,0.0,,255,0,,,,0,1,0,0,1.6239156979379128,0.0,0.232
164,12,0,0,0,0,42,0,0,0,0,0,0,0,0,0,26,10,0,PORTLAND,PORTLAND,0,2.4,0.0,0.0,,261,0,,,,0,1,134,183,1.6681094378051915,0.0,0.18
165,12,0,7,0,0,1,6,0,1,2,0,0,1,0,0,17,0,0,PORTLAND,PORTLAND,0,2.4,0.0,0.0,,241,0,,,,0,1,132,179,1.6290648981420428,0.0,0.18
166,12,0,0,0,0,5,6,0,0,0,0,0,0,0,4,13,0,0,PORTLAND,PORTLAND,0,2.4,0.0,0.0,,232,0,,,,0,1,168,245,1.625728255469146,0.0,0.232
167,12,0,2,0,0,2,0,0,4,0,0,0,0,1,0,18,0,0,PORTLAND,PORTLAND,0,2.4,11.75,10.68,,250,0,,,,0,1,129,185,1.6575914360530517,0.0,0.23
168,12,0,0,0,0,0,2,0,0,0,13,0,0,0,0,20,0,0,PORTLAND,PORTLAND,0,2.4,12.5,10.23,,239,0,,,,0,1,121,162,1.6454443027820127,0.0,0.307
169,13,0,0,0,0,0,1,0,0,3,0,0,0,0,0,7,0,0,PORTLAND,PORTLAND,0,2.4,0.0,0.0,,253,0,,,,0,1,83,110,1.6741936695923785,0.0,0.285
170,13,0,0,0,0,0,8,0,0,0,0,0,0,0,0,15,0,0,PORTLAND,PORTLAND,0,2.4,0.0,0.0,,233,0,,,,0,1,75,86,1.6691068766827404,0.052,0.284
171,13,0,0,0,0,0,21,0,1,0,0,0,0,0,0,27,0,0,PORTLAND,PORTLAND,0,2.4,12.0,10.23,,235,0,,,,0,1,288,334,1.664580647044706,0.024,0.309
172,14,0,0,0,33,0,0,0,0,0,0,0,0,0,0,19,0,0,PORTLAND,PORTLAND,0,2.4,0.0,0.0,,247,0,,,,0,1,283,332,1.6646419723996575,0.0,0.052
173,14,0,0,0,170,0,31,0,3,0,0,0,1,342,0,373,0,0,PORTLAND,PORTLAND,0,2.4,0.0,0.0,,253,0,,,,0,1,0,0,1.6746437060176609,0.0,0.014
174,14,0,2,0,0,0,36,0,5,7,0,0,0,18,0,126,0,0,PORTLAND,PORTLAND,0,2.4,13.25,10.68,,271,0,,,,0,1,0,0,1.6730766727762425,0.0,0.102
175,14,0,0,0,0,0,224,0,1,0,0,0,0,0,0,165,0,0,PORTLAND,PORTLAND,0,2.4,0.0,0.0,,267,0,,,,0,1,305,495,1.60240393758065,0.0,0.052
176,14,0,0,0,0,0,9,0,1,0,0,0,0,0,0,6,0,0,PORTLAND,PORTLAND,196,2.4,20.0,16.28,,251,0,,,,0,1,0,0,1.6739794645260369,0.0,0.0
177,14,0,13,0,0,1,61,0,0,0,0,0,0,0,0,61,0,0,PORTLAND,PORTLAND,0,2.4,12.95,10.54,,259,0,,,,0,1,117,182,1.6960138061442938,0.0,0.0
178,14,0,5,2,0,0,1420,69,0,2,0,0,57,0,0,1880,0,0,PORTLAND,PORTLAND,0,2.4,20.0,16.28,,256,0,,,,0,1,0,0,1.673560068383579,0.0,0.0
179,14,0,0,0,0,0,0,0,0,0,0,0,0,0,0,0,0,0,PORTLAND,PORTLAND,0,2.4,0.0,0.0,,247,3,,,,0,1,1,1,1.661970657283097,0.0,0.13
180,14,0,0,0,0,1,4,0,0,0,0,0,1,0,2,11,0,0,PORTLAND,PORTLAND,0,2.4,0.0,0.0,,253,0,,,,0,1,0,0,0.8115878042538652,0.0,0.102
181,14,0,0,0,0,0,0,0,0,0,0,0,0,0,0,0,0,0,PORTLAND,PORTLAND,0,2.4,0.0,0.0,,262,3,,,,0,1,112,170,1.5676870630090671,0.048,0.178
182,14,0,0,0,0,0,0,0,0,0,0,0,0,0,0,0,0,0,PORTLAND,PORTLAND,0,2.4,0.0,0.0,,274,3,,,,0,1,9,9,0.8433578317200401,0.0,0.131
183,14,0,0,0,189,26,145,0,0,0,9,0,0,0,0,616,0,0,PORTLAND,PORTLAND,0,2.4,0.0,0.0,,255,0,,,,0,1,0,0,0.833288349029151,0.0,0.0
184,14,0,24,0,0,0,12,0,0,0,3,0,0,0,0,43,0,0,PORTLAND,PORTLAND,0,2.4,0.0,0.0,,259,0,,,,0,1,0,0,1.6747949224009044,0.0,0.0
185,14,0,0,0,0,45,0,0,0,0,16,0,0,0,0,36,0,0,PORTLAND,PORTLAND,0,2.4,12.0,9.77,,259,0,,,,0,1,0,0,1.669440445854454,0.0,0.0
186,14,0,32,0,0,37,310,0,13,0,0,0,0,0,0,285,0,0,PORTLAND,PORTLAND,0,2.4,0.0,0.0,,262,0,,,,0,1,87,125,1.6628309661809624,0.049,0.151
187,15,0,341,233,0,23,268,0,6,0,0,0,0,0,0,1172,0,0,PORTLAND,PORTLAND,0,2.4,11.45,9.32,,163,3,,,,0,1,28,44,1.5943148357621986,0.155,0.508
188,15,0,10,0,0,0,9,0,2,0,0,0,0,0,5,27,0,0,PORTLAND,PORTLAND,0,2.4,13.0,8.18,,180,0,,,,0,1,331,452,75.6600646586206,0.144,0.513
189,15,0,0,0,0,9,110,0,1,0,0,0,0,0,0,102,0,0,PORTLAND,PORTLAND,0,2.4,0.0,0.0,,197,3,,,,0,1,118,154,3.7095640800324983,0.091,0.393
190,15,0,29,0,0,2,31,0,3,0,0,0,0,127,0,202,286,0,PORTLAND,PORTLAND,0,2.4,0.0,0.0,,170,0,,,,0,1,139,191,13.431728169780952,999999.0,999999.0
191,16,0,0,0,0,0,0,0,0,0,0,0,0,0,0,0,0,0,PORTLAND,PORTLAND,0,2.4,0.0,0.0,,171,0,,,,0,1,114,149,20.12746735533597,0.16,0.311
192,16,0,44,0,0,2,0,0,0,4,0,0,0,0,0,45,0,0,PORTLAND,PORTLAND,0,2.4,0.0,0.0,,184,0,,,,0,1,31,45,2.666666852248683,0.0,0.012
193,16,0,0,0,0,0,0,0,0,0,0,0,0,0,0,0,0,0,PORTLAND,PORTLAND,0,2.4,0.0,0.0,,168,3,,,,0,1,220,226,1.6765748556311075,0.102,0.141
194,16,0,98,0,0,0,5,0,0,0,0,0,0,0,0,41,0,0,PORTLAND,PORTLAND,0,2.4,0.0,0.0,,197,0,,,,0,1,0,0,0.9330048948613664,0.051,0.1
195,16,0,0,0,0,7,0,0,0,0,0,0,0,4,0,12,0,0,PORTLAND,PORTLAND,0,2.4,14.0,11.4,,180,3,,,,0,1,0,0,1.673148198454919,0.149,0.188
196,16,0,0,0,0,0,10,0,0,0,0,0,0,0,0,9,0,0,PORTLAND,PORTLAND,0,2.4,14.0,11.4,,208,0,,,,0,1,0,0,4.78031264150662,0.051,0.051
197,16,0,0,0,0,0,9,0,0,0,0,0,0,0,0,8,0,0,PORTLAND,PORTLAND,0,2.4,0.0,0.0,,191,1,,,,0,1,0,0,1.6564868020545869,0.221,0.26
198,16,0,0,0,0,0,0,0,0,0,0,0,0,0,0,0,0,0,PORTLAND,PORTLAND,0,2.4,0.0,0.0,,161,0,,,,0,1,353,407,15.577020063370796,0.102,0.141
199,16,0,0,0,0,52,1,0,59,0,0,0,0,0,0,176,0,0,PORTLAND,PORTLAND,0,0.0,0.0,0.0,,158,0,,,,0,1,0,0,1.3356339815444214,0.166,0.205
200,17,0,10,0,5,0,0,0,0,0,0,0,0,0,0,14,0,0,PORTLAND,PORTLAND,0,2.4,0.0,0.0,,228,0,,,,0,1,0,0,0.2619982053081672,0.03,0.0
201,17,0,0,0,0,0,0,0,0,0,0,0,0,0,0,0,0,0,PORTLAND,PORTLAND,0,2.4,11.0,8.96,,214,0,,,,0,1,0,0,1.6708244735297544,0.149,0.381
202,17,0,0,0,0,0,0,0,0,0,0,0,0,0,0,0,0,0,PORTLAND,PORTLAND,0,2.4,0.0,0.0,,202,0,,,,0,1,160,170,1.657331377355175,999999.0,999999.0
203,17,0,1,0,0,0,0,0,0,0,0,0,0,0,0,1,0,0,PORTLAND,PORTLAND,0,2.4,11.81,9.62,,206,3,,,,0,1,0,0,3.341250588279187,0.048,0.323
204,17,0,0,0,0,0,0,0,0,0,0,0,0,0,0,0,0,0,PORTLAND,PORTLAND,0,2.4,0.0,0.0,,227,0,,,,0,1,72,80,4.135859966362376,0.0,0.228
205,17,0,0,0,0,0,0,0,0,0,0,0,0,0,0,0,0,0,PORTLAND,PORTLAND,0,2.4,0.0,0.0,,224,1,,,,0,1,31,35,1.652670838373726,0.186,0.418
206,17,0,0,0,0,0,0,0,1,0,0,0,0,0,0,0,0,0,PORTLAND,PORTLAND,0,2.4,0.0,0.0,,217,1,,,,0,1,0,0,1.664774525748606,0.186,0.418
207,17,0,7,0,0,0,0,0,0,0,0,0,0,2,0,8,0,0,PORTLAND,PORTLAND,0,2.4,0.0,0.0,,215,0,,,,0,1,0,0,1.6568597211911549,0.076,0.076
208,17,0,1,0,0,0,0,0,2,0,0,0,0,0,0,3,40,10,PORTLAND,PORTLAND,21609,2.4,0.0,0.0,,219,3,,,,0,1,0,0,1.6718329641279477,0.051,0.051
209,17,0,1,0,119,0,21,0,0,0,0,0,0,0,0,135,0,0,PORTLAND,PORTLAND,0,2.4,0.0,0.0,,228,0,,,,0,1,0,0,4.816302464085464,0.0,0.0
210,17,0,70,0,0,0,6,0,15,4,0,0,0,0,0,60,0,0,PORTLAND,PORTLAND,0,2.4,0.0,0.0,,236,0,,,,0,1,27,45,1.76190750679946,0.0,0.004
211,17,0,16,0,0,0,0,0,0,6,0,1,0,0,0,42,0,0,PORTLAND,PORTLAND,0,2.4,0.0,0.0,,240,0,,,,0,1,1,2,1.6561043454917388,0.0,0.02
212,17,0,0,0,0,0,16,0,5,0,0,0,0,0,0,14,0,0,PORTLAND,PORTLAND,0,2.4,15.0,12.21,,228,0,,,,0,1,0,0,1.6713978245877117,0.0,0.0
213,17,0,0,0,0,0,0,0,0,0,0,0,0,0,0,0,0,0,PORTLAND,PORTLAND,0,2.4,18.0,13.25,,241,0,,,,0,1,0,0,1.6756747016427287,0.0,0.0
214,17,0,0,4,1,2,11,0,0,0,0,0,0,64,0,158,0,610,PORTLAND,PORTLAND,0,2.4,0.0,0.0,,243,0,,,,0,1,0,0,1.6892052257207752,0.0,0.014
215,17,0,0,0,0,0,174,0,0,0,0,0,1,0,0,246,0,0,PORTLAND,PORTLAND,0,2.4,0.0,0.0,,239,0,,,,0,1,0,0,1.6769304013877104,0.1,0.1
216,17,0,15,0,0,0,16,0,2,6,0,0,0,1,0,26,0,0,PORTLAND,PORTLAND,0,2.4,0.0,0.0,,210,0,,,,0,1,0,0,1.657046868260318,0.0,0.275
217,18,0,0,0,0,13,0,0,0,0,0,0,0,0,0,20,0,0,PORTLAND,PORTLAND,0,2.4,0.0,0.0,,246,0,,,,0,1,291,465,1.635339732196699,0.0,0.336
218,18,0,0,0,0,0,0,0,0,0,0,0,0,0,0,0,0,0,PORTLAND,PORTLAND,0,2.4,0.0,0.0,,209,2,,,,0,1,48,50,1.643688268449495,0.166,0.398
219,18,0,0,0,0,0,0,0,0,0,0,0,0,0,0,0,20,0,PORTLAND,PORTLAND,0,2.4,11.0,8.96,,222,0,,,,0,1,8,8,3.3036853143019567,0.252,0.484
220,18,0,0,0,0,30,17,0,3,0,0,0,0,0,0,52,0,0,PORTLAND,PORTLAND,0,2.4,0.0,0.0,,227,0,,,,0,1,0,0,3.188872642550055,0.104,0.336
221,18,0,0,0,0,0,0,0,0,0,0,0,0,0,0,0,0,0,PORTLAND,PORTLAND,0,2.4,0.0,0.0,,220,0,,,,0,1,433,482,1.6904121262961682,0.252,0.484
222,18,0,0,0,0,0,41,0,4,0,0,0,0,0,0,55,0,0,PORTLAND,PORTLAND,0,2.4,0.0,0.0,,238,0,,,,0,1,3,3,2.6176245585227504,0.024,0.309
223,18,0,0,0,0,0,0,0,0,0,0,0,0,0,0,0,0,0,PORTLAND,PORTLAND,0,2.4,0.0,0.0,,242,0,,,,0,1,269,282,1.6590830909826018,0.0,0.336
224,19,0,25,0,0,1,0,0,0,0,0,0,0,0,0,21,0,0,PORTLAND,PORTLAND,0,2.4,0.0,0.0,,197,0,,,,0,1,0,0,1.8831266886867457,0.027,0.022
225,19,0,0,0,27,0,0,0,0,0,0,0,0,0,0,10,0,0,PORTLAND,PORTLAND,0,2.4,0.0,0.0,,202,0,,,,0,1,252,580,1.6454866538461603,0.027,0.027
226,19,0,0,0,0,0,1,0,5,0,0,0,0,0,0,5,0,0,PORTLAND,PORTLAND,0,2.4,14.0,11.4,,217,0,,,,0,1,107,115,1.682903436267006,0.0,0.0
227,19,0,2,0,0,0,0,0,0,0,0,0,0,11,0,19,0,0,PORTLAND,PORTLAND,0,2.4,0.0,0.0,,221,0,,,,0,1,0,0,1.6810609953140212,0.0,0.0
228,19,0,0,0,0,0,0,0,0,0,0,0,0,0,0,0,0,0,PORTLAND,PORTLAND,0,2.4,0.0,0.0,,175,0,,,,0,1,44,100,1.696586347167039,0.0,0.0
229,19,0,0,0,0,0,11,0,0,0,0,0,0,0,0,22,0,0,PORTLAND,PORTLAND,0,2.4,0.0,0.0,,187,0,,,,0,1,0,0,5.033548594871017,0.0,0.0
230,19,0,63,0,0,0,0,0,0,6,0,0,0,0,0,125,0,0,PORTLAND,PORTLAND,0,2.4,13.0,10.58,,202,0,,,,0,1,0,0,1.677965745977898,0.0,0.0
231,19,0,0,0,0,0,81,0,0,0,0,0,0,0,0,80,0,0,PORTLAND,PORTLAND,0,2.4,11.25,10.23,,213,0,,,,0,1,60,137,3.2854667121579637,0.0,0.0
232,20,0,153,0,0,0,8,0,63,0,0,2,0,0,0,123,0,0,PORTLAND,PORTLAND,0,2.4,0.0,0.0,,244,0,,,,0,1,1,1,1.6867486656725346,0.0,0.15
233,20,0,0,0,0,0,24,0,0,0,0,0,0,0,0,29,0,0,PORTLAND,PORTLAND,0,2.4,0.0,0.0,,249,0,,,,0,1,148,211,1.5894686276373309,0.0,0.1
234,20,0,0,0,4,0,33,0,42,0,0,0,0,3419,0,2603,0,0,PORTLAND,PORTLAND,0,2.4,15.0,12.21,,235,0,,,,0,1,0,0,1.6470269114578355,0.0,0.053
235,20,0,0,0,0,0,0,0,0,0,0,0,0,0,0,0,0,0,PORTLAND,PORTLAND,0,2.4,0.0,0.0,,240,3,,,,0,1,0,0,1.5266085264403504,0.098,0.101
236,20,0,3,0,338,0,4,0,0,0,0,0,0,0,0,580,0,0,PORTLAND,PORTLAND,0,2.4,13.0,10.85,,214,3,,,,0,1,0,0,1.7004609245090243,0.0,0.0
237,20,0,16,0,0,7,1196,0,40,25,0,4,38,0,25,1400,0,0,PORTLAND,PORTLAND,0,2.4,17.0,11.59,,224,3,,,,0,1,0,0,4.011558032339163,0.0,0.102
238,20,0,0,0,0,0,0,0,0,0,0,0,0,0,0,0,0,0,PORTLAND,PORTLAND,0,2.4,0.0,0.0,,230,0,,,,0,1,376,534,6.468540919032868,0.153,0.262
239,20,0,54,437,0,0,801,0,0,0,4,0,0,0,0,1197,0,0,PORTLAND,PORTLAND,0,2.4,17.0,13.84,,239,0,,,,0,1,0,0,1.7549946881265166,0.122,0.125
240,20,0,0,0,0,0,0,0,3,0,0,0,0,0,0,2,0,0,PORTLAND,PORTLAND,0,2.4,14.0,11.4,,245,0,,,,0,1,16,20,1.610949408107777,0.122,0.125
241,21,0,0,0,0,0,6,0,16,0,0,0,1,0,0,13,0,0,PORTLAND,PORTLAND,0,2.4,18.0,14.65,,187,3,,,,0,1,0,0,1.6748015215303504,0.013,0.0
242,21,0,0,0,0,8,86,0,0,6,15,0,0,67,0,155,0,0,PORTLAND,PORTLAND,0,2.4,0.0,0.0,,188,0,,,,0,1,273,406,14.387867616691212,0.0,0.0
243,21,0,3,2,0,7,346,0,105,14,0,0,10,0,3,885,0,0,PORTLAND,PORTLAND,0,2.4,13.0,10.58,,200,3,,,,0,1,17,17,8.600230963540941,0.013,0.0
244,22,0,2,22,62,7,838,0,32,4,0,1,5,0,0,1162,0,0,PORTLAND,PORTLAND,0,2.4,14.0,11.4,,235,0,,,,0,1,398,599,8.35462070339791,0.0,0.203
245,22,0,2,1,0,10,530,0,8,0,0,0,6,1,1,656,0,0,PORTLAND,PORTLAND,0,2.4,22.0,12.73,,228,0,,,,0,1,0,0,1.5194981316222578,0.0,0.272
246,22,0,0,0,0,0,388,0,0,0,0,0,0,0,0,284,0,0,PORTLAND,PORTLAND,0,2.4,0.0,0.0,,201,0,,,,0,1,0,0,1.6746198805772308,0.0,0.066
247,22,0,0,0,0,0,22,0,8,0,0,0,4,0,0,49,0,0,PORTLAND,PORTLAND,0,2.4,0.0,0.0,,212,3,,,,0,1,0,0,1.744144280295279,0.0,0.154
248,22,0,0,0,0,1,2018,0,6,0,0,0,2,0,0,1385,0,0,PORTLAND,PORTLAND,0,2.4,14.0,11.4,,215,3,,,,0,1,171,259,3.0997638875987787,0.0,0.154
249,22,0,0,0,109,2,272,0,83,83,0,0,0,0,0,627,0,0,PORTLAND,PORTLAND,0,2.4,14.69,11.96,,215,0,,,,0,1,331,514,5.724296419821107,0.02,0.234
250,22,0,0,0,98,9,429,0,33,0,0,1,0,1,0,301,0,0,PORTLAND,PORTLAND,0,2.4,0.0,0.0,,213,0,,,,0,1,0,0,5.059776124904404,0.052,0.276
251,22,0,8,0,0,0,0,0,0,0,0,0,0,0,0,8,0,0,PORTLAND,PORTLAND,0,2.4,14.0,12.59,,226,0,,,,0,1,0,0,1.7920397669484809,0.097,0.206
252,22,0,101,0,0,0,58,0,17,0,0,0,0,0,0,247,0,0,PORTLAND,PORTLAND,0,2.4,0.0,0.0,,218,0,,,,0,1,0,0,1.5547367905468794,0.0,0.278
253,22,0,0,0,0,0,11,0,0,0,0,0,1,0,0,13,0,0,PORTLAND,PORTLAND,0,2.4,0.0,0.0,,228,0,,,,0,1,0,0,1.6990615494543098,0.048,0.157
254,23,0,0,0,0,0,0,0,37,0,0,0,0,0,0,21,0,0,PORTLAND,PORTLAND,0,2.4,0.0,0.0,,133,0,,,,0,1,0,0,1.552696613431927,0.113,0.952
255,23,0,14,0,0,2,33,0,1,0,0,13,0,0,2,62,0,0,PORTLAND,PORTLAND,0,2.4,0.0,0.0,,213,0,,,,0,1,0,0,0.8012864442808678,0.0,0.551
256,23,0,0,0,0,0,14,0,0,4,0,2,0,0,0,16,0,0,PORTLAND,PORTLAND,0,2.4,0.0,0.0,,219,0,,,,0,1,187,240,1.546438718571084,0.0,0.649
257,23,0,0,0,0,0,88,0,0,91,0,0,17,0,0,188,0,0,PORTLAND,PORTLAND,0,2.4,16.0,13.03,,221,0,,,,0,1,213,275,1.61033759248163,0.0,0.598
258,23,0,0,0,0,0,0,0,0,0,0,0,0,0,0,0,0,0,PORTLAND,PORTLAND,0,2.4,0.0,0.0,,223,0,,,,0,1,0,0,1.491313334945546,0.0,0.649
259,23,0,24,0,0,32,36,0,4,0,0,0,0,0,0,107,0,0,PORTLAND,PORTLAND,0,2.4,0.0,0.0,,196,0,,,,0,1,0,0,1.04919895745097,0.048,0.552
260,23,0,0,0,64,70,40,0,0,0,34,0,1,0,0,175,0,0,PORTLAND,PORTLAND,0,2.4,0.0,0.0,,206,0,,,,0,1,210,271,1.549596987501666,0.047,0.649
261,23,0,0,18,0,0,1,0,0,0,0,0,0,0,0,23,0,0,PORTLAND,PORTLAND,0,2.4,0.0,0.0,,202,0,,,,0,1,0,0,1.5638572196582514,0.048,0.601
262,23,0,0,0,130,0,0,0,0,0,0,0,0,0,0,77,0,0,PORTLAND,PORTLAND,0,2.4,0.0,0.0,,209,0,,,,0,1,0,0,1.5348580593106815,0.047,0.649
263,23,0,0,0,0,0,48,0,2,0,0,0,0,0,0,45,0,0,PORTLAND,PORTLAND,0,2.4,0.0,0.0,,182,0,,,,0,1,0,0,1.0001861573025963,0.0,0.569
264,23,0,0,0,0,0,0,0,0,0,0,0,7,0,0,4,0,0,PORTLAND,PORTLAND,0,2.4,15.0,12.21,,190,0,,,,0,1,0,0,1.5505664776320531,0.0,0.667
265,23,0,0,0,0,0,15,0,0,0,0,0,0,0,0,10,0,0,PORTLAND,PORTLAND,0,2.4,0.0,0.0,,188,0,,,,0,1,30,36,1.5599978138858808,0.0,0.618
266,23,0,0,0,0,0,0,0,0,0,0,0,0,0,0,0,0,0,PORTLAND,PORTLAND,0,2.4,0.0,0.0,,195,0,,,,0,1,0,0,1.5636897521094149,0.0,0.667
267,23,0,0,0,0,0,0,0,1,0,0,0,0,0,0,2,0,0,PORTLAND,PORTLAND,0,2.4,0.0,0.0,,172,0,,,,0,1,0,0,0.9714175890231592,0.097,0.664
268,23,0,0,7,63,1,2,0,12,0,0,0,0,0,0,91,0,0,PORTLAND,PORTLAND,0,2.4,0.0,0.0,,176,0,,,,0,1,0,0,1.5564924901787796,0.096,0.758
269,23,0,0,0,0,0,19,0,1,2,0,0,5,0,0,21,0,0,PORTLAND,PORTLAND,0,2.4,0.0,0.0,,167,0,,,,0,1,135,171,1.540204825625615,0.049,0.614
270,23,0,0,0,0,0,0,0,0,0,0,0,0,0,0,0,0,0,PORTLAND,PORTLAND,0,2.4,8.38,6.82,,181,0,,,,0,1,255,343,1.539182727510954,0.048,0.713
271,23,0,0,0,0,0,0,0,0,0,0,0,0,0,0,0,0,0,PORTLAND,PORTLAND,0,2.4,10.95,6.59,,168,0,,,,0,1,0,0,0.979002278047731,0.096,0.758
272,23,0,0,68,0,0,0,0,0,0,56,0,0,0,0,239,0,0,PORTLAND,PORTLAND,0,2.4,0.0,0.0,,163,0,,,,0,1,0,0,0.9661124051397512,0.096,0.758
273,23,0,0,1,0,1,5,0,0,0,0,0,0,0,0,18,0,0,PORTLAND,PORTLAND,0,2.4,0.0,0.0,,153,0,,,,0,1,0,0,1.5516994147693337,0.146,0.808
274,23,0,0,0,0,0,0,0,0,0,0,0,0,0,0,0,0,0,PORTLAND,PORTLAND,0,2.4,0.0,0.0,,157,0,,,,0,1,111,139,1.5607571319975708,0.146,0.808
275,23,0,0,0,0,0,0,0,0,0,0,0,0,0,0,0,0,0,PORTLAND,PORTLAND,0,2.4,0.0,0.0,,142,0,,,,0,1,0,0,0.8957433512363279,0.145,0.856
276,24,0,57,0,0,1,2,0,7,0,0,0,0,0,0,72,0,0,PORTLAND,PORTLAND,0,2.4,0.0,0.0,,198,0,,,,0,1,0,0,2.002379237504298,0.0,0.405
277,24,0,0,4,0,0,6,0,26,2,0,0,0,0,0,21,0,0,PORTLAND,PORTLAND,0,2.4,0.0,0.0,,210,0,,,,0,1,176,254,1.5616484587869046,0.0,0.502
278,24,0,0,1,0,51,12,0,2,0,5,0,2,0,0,99,0,0,PORTLAND,PORTLAND,0,2.4,0.0,0.0,,201,0,,,,0,1,85,119,1.552773534604741,0.0,0.453
279,24,0,0,0,0,0,0,0,0,0,0,0,0,0,0,0,0,0,PORTLAND,PORTLAND,0,2.4,0.0,0.0,,185,3,,,,0,1,116,164,1.554670098868237,0.049,0.455
280,24,0,0,0,0,21,2,0,1,0,0,0,0,0,0,21,0,0,PORTLAND,PORTLAND,0,2.4,0.0,0.0,,188,0,,,,0,1,0,0,1.5320540255870492,0.0,0.406
281,24,0,11,0,0,4,2,0,2,0,0,0,0,0,0,28,0,0,PORTLAND,PORTLAND,0,2.4,0.0,0.0,,193,0,,,,0,1,114,165,1.5305052056753747,0.048,0.503
282,24,0,10,14,0,4,5,0,13,0,0,0,0,0,0,74,0,0,PORTLAND,PORTLAND,0,2.4,0.0,0.0,,175,0,,,,0,1,118,171,1.5366380372747794,0.0,0.471
283,24,0,8,0,0,0,23,0,0,7,0,0,1,7,0,27,0,0,PORTLAND,PORTLAND,0,2.4,0.0,0.0,,179,0,,,,0,1,114,159,1.5659406880151745,0.0,0.52
284,25,0,0,0,0,67,24,0,3,1,0,0,0,0,0,61,0,0,PORTLAND,PORTLAND,0,2.4,12.0,9.09,,187,0,,,,0,1,208,302,1.5466840420253771,0.242,0.278
285,25,0,50,0,0,0,0,0,8,0,0,0,0,0,0,61,0,0,PORTLAND,PORTLAND,0,2.4,0.0,0.0,,177,0,,,,0,1,173,252,3.795762831227481,0.114,0.292
286,25,0,0,0,0,0,36,0,1,0,19,0,0,1,0,63,0,0,PORTLAND,PORTLAND,0,2.4,0.0,0.0,,176,0,,,,0,1,0,0,1.975582002737047,0.0,0.422
287,25,0,0,0,7,0,305,0,0,124,0,0,0,0,0,408,0,0,PORTLAND,PORTLAND,0,2.4,0.0,0.0,,169,0,,,,0,1,167,246,1.444105868271445,0.114,0.292
288,25,0,0,0,0,0,1,0,0,0,0,0,0,0,0,2,0,0,PORTLAND,PORTLAND,0,2.4,0.0,0.0,,152,3,,,,0,1,48,48,10.41109282072708,0.146,0.663
289,25,0,0,0,2,75,131,8,6,1,0,0,11,0,0,378,0,0,PORTLAND,PORTLAND,0,2.4,0.0,0.0,,139,0,,,,0,1,154,224,10.09064423321757,0.0,0.471
290,26,0,0,0,0,0,42,0,1,0,0,0,0,0,59,65,0,0,PORTLAND,PORTLAND,0,2.4,0.0,0.0,,167,0,,,,0,1,159,223,62.52125272196864,0.051,0.568
291,26,0,0,0,0,1,1,0,0,0,0,0,0,0,0,7,0,0,PORTLAND,PORTLAND,0,2.4,0.0,0.0,,156,0,,,,0,1,254,435,1.5868087044464074,0.097,0.66
292,26,0,4,0,0,1,2,0,0,0,0,0,0,0,0,13,0,0,PORTLAND,PORTLAND,0,2.4,0.0,0.0,,159,0,,,,0,1,161,276,1.5341001398924832,0.097,0.614
293,26,0,0,0,0,0,21,0,0,1,0,0,1,0,1,20,0,0,PORTLAND,PORTLAND,0,2.4,0.0,0.0,,162,0,,,,0,1,83,144,1.5457422691012468,0.144,0.71
294,26,0,0,0,0,13,0,0,2,0,0,0,0,7,0,46,0,0,PORTLAND,PORTLAND,0,2.4,0.0,0.0,,154,0,,,,0,1,264,452,1.551007740779258,0.195,0.759
295,26,0,0,0,0,105,39,0,0,0,0,0,0,5,0,79,0,0,PORTLAND,PORTLAND,0,2.4,0.0,0.0,,135,0,,,,0,1,129,218,1.553948710219315,0.143,0.982
296,27,0,20,0,0,22,15,0,0,6,0,3,0,0,0,48,0,0,PORTLAND,PORTLAND,0,2.4,0.0,0.0,,236,0,,,,0,1,228,386,8.265948674648202,0.049,0.465
297,27,0,0,0,0,1,7,0,0,22,0,0,0,0,0,21,0,0,PORTLAND,PORTLAND,0,2.4,0.0,0.0,,225,3,,,,0,1,218,340,3.107220921789757,0.0,0.369
298,27,0,4,0,0,8,21,0,0,19,0,0,0,0,0,63,0,0,PORTLAND,PORTLAND,0,2.4,0.0,0.0,,282,0,,,,0,1,91,135,3.1426873979699685,0.0,0.323
299,27,0,8,0,0,1,7,0,0,44,0,6,4,5,0,46,0,0,PORTLAND,PORTLAND,0,2.4,0.0,0.0,,289,0,,,,0,1,13,20,1.5526790474792944,0.0,0.369
300,27,0,21,0,0,0,1,0,0,0,0,0,0,0,0,14,0,0,PORTLAND,PORTLAND,0,2.4,0.0,0.0,,276,1,,,,0,1,102,155,1.5519639258251896,0.048,0.321
301,27,0,0,0,0,0,1,0,0,0,0,0,0,0,0,1,0,0,PORTLAND,PORTLAND,0,2.4,0.0,0.0,,261,1,,,,0,1,33,49,1.5194578281496245,0.096,0.37
302,27,0,16,0,0,0,2,0,6,6,0,0,0,0,0,43,0,0,PORTLAND,PORTLAND,0,2.4,0.0,0.0,,258,1,,,,0,1,27,41,1.523315676372967,0.0,0.272
303,28,0,0,0,0,0,0,0,0,0,14,0,0,0,0,6,0,0,PORTLAND,PORTLAND,0,2.4,0.0,0.0,,258,0,,,,0,1,116,180,3.1112821452937043,0.098,0.419
304,28,0,12,0,0,0,85,0,0,0,0,0,0,0,0,126,0,0,PORTLAND,PORTLAND,0,2.4,0.0,0.0,,248,0,,,,0,1,0,0,1.5629789341202844,0.097,0.466
305,28,0,10,0,0,23,781,0,0,0,0,0,0,0,0,374,0,0,PORTLAND,PORTLAND,0,2.4,0.0,0.0,,232,0,,,,0,1,203,294,1.5537645273577494,0.048,0.514
306,28,0,0,0,0,0,0,0,0,0,0,0,0,0,0,0,0,0,PORTLAND,PORTLAND,0,2.4,0.0,0.0,,243,0,,,,0,1,0,0,1.5724335680081485,0.05,0.611
307,28,0,0,0,0,0,15,0,0,12,1,0,0,0,0,39,0,0,PORTLAND,PORTLAND,0,2.4,0.0,0.0,,238,0,,,,0,1,0,0,1.0396841300881157,0.05,0.611
308,28,0,6,0,0,17,1,0,9,20,0,0,0,0,10,70,0,0,PORTLAND,PORTLAND,0,2.4,0.0,0.0,,240,0,,,,0,1,141,202,1.560517261160879,0.048,0.561
309,28,0,0,0,0,0,24,0,4,0,0,0,0,0,0,43,0,0,PORTLAND,PORTLAND,0,2.4,0.0,0.0,,272,0,,,,0,1,0,0,1.5159762351004984,0.049,0.37
310,28,0,0,1,0,1,4,0,11,2,0,0,0,0,0,17,0,0,PORTLAND,PORTLAND,0,2.4,0.0,0.0,,294,0,,,,0,1,0,0,1.550400250642004,0.048,0.371
311,28,0,9,4,0,6,7,0,0,4,0,1,0,0,0,38,0,0,PORTLAND,PORTLAND,0,2.4,0.0,0.0,,285,0,,,,0,1,70,93,1.5527208808328763,0.0,0.419
312,28,0,0,0,0,0,0,0,2,8,0,5,0,0,0,15,0,0,PORTLAND,PORTLAND,0,2.4,12.28,10.0,,301,0,,,,0,1,1,1,1.553691021459699,0.0,0.312
313,28,0,0,0,0,0,95,0,0,60,0,0,3,0,0,216,0,0,PORTLAND,PORTLAND,0,2.4,0.0,0.0,,302,0,,,,0,1,0,0,1.5781580850888568,0.0,0.341
314,28,0,0,0,0,0,0,0,0,0,0,0,0,0,0,0,0,0,PORTLAND,PORTLAND,0,2.4,0.0,0.0,,299,0,,,,0,1,0,0,1.5763620350945244,0.097,0.345
315,28,0,28,0,0,27,54,0,4,8,0,0,0,0,0,103,0,0,PORTLAND,PORTLAND,0,2.4,0.0,0.0,,295,0,,,,0,1,0,0,1.413162847380132,0.097,0.373
316,28,0,8,2,0,1,20,0,2,228,0,0,1,0,1,308,0,0,PORTLAND,PORTLAND,0,2.4,18.0,14.65,,300,0,,,,0,1,0,0,1.5092662472782954,0.049,0.39
317,28,0,0,2,0,0,22,0,0,7,0,0,0,29,0,55,0,0,PORTLAND,PORTLAND,0,2.4,0.0,0.0,,297,0,,,,0,1,223,327,1.5561632300737749,0.044,0.42
318,28,0,56,0,0,18,386,0,5,12,0,0,0,47,0,625,0,0,PORTLAND,PORTLAND,0,2.4,0.0,0.0,,306,0,,,,0,1,0,0,1.5359520897702306,0.049,0.371
319,28,0,0,0,0,0,6,0,0,0,0,3,8,0,0,18,0,0,PORTLAND,PORTLAND,0,2.4,0.0,0.0,,292,0,,,,0,1,0,0,1.546350060091467,0.079,0.547
320,28,0,35,161,0,0,5,0,10,37,0,0,0,0,0,443,0,0,PORTLAND,PORTLAND,0,2.4,0.0,0.0,,304,0,,,,0,1,14,15,4.642829853614706,0.0,0.37
321,28,0,125,2,0,0,196,0,4,6,0,0,6,0,0,316,0,0,PORTLAND,PORTLAND,219,2.4,0.0,0.0,,301,0,,,,0,1,61,80,1.5498572800915795,0.0,0.419
322,28,0,0,0,0,0,662,0,3,0,0,0,3,0,0,532,0,0,PORTLAND,PORTLAND,0,2.4,0.0,0.0,,291,0,,,,0,1,0,0,1.5571967404135325,0.0,0.468
323,28,0,75,206,0,0,25,0,0,111,0,0,0,0,0,497,0,0,PORTLAND,PORTLAND,0,2.4,0.0,0.0,,297,0,,,,0,1,2,2,1.546338110595576,0.048,0.421
324,28,0,0,0,0,0,0,0,0,0,0,0,0,0,0,0,0,0,PORTLAND,PORTLAND,0,2.4,0.0,0.0,,293,0,,,,0,1,1,1,1.5520138726547037,0.048,0.452
325,28,0,41,0,0,88,46,0,2,0,0,17,0,0,0,138,0,0,PORTLAND,PORTLAND,0,2.4,0.0,0.0,,289,0,,,,0,1,0,0,1.9047007172891848,0.048,0.452
326,28,0,179,0,0,7,199,0,25,14,11,0,1,35,0,271,0,0,PORTLAND,PORTLAND,0,2.4,0.0,0.0,,289,0,,,,0,1,214,312,1.563498054406683,0.0,0.468
327,28,0,0,0,0,1,25,0,1,0,0,0,0,0,0,12,0,0,PORTLAND,PORTLAND,0,2.4,0.0,0.0,,283,0,,,,0,1,0,0,1.551952779319557,0.0,0.5
328,28,0,97,0,0,0,77,0,0,0,0,0,0,25,0,117,0,0,PORTLAND,PORTLAND,0,2.4,0.0,0.0,,280,0,,,,0,1,0,0,1.544594166203995,0.098,0.419
329,28,0,0,0,0,5,2,0,0,1,0,0,0,0,0,4,0,0,PORTLAND,PORTLAND,0,2.4,0.0,0.0,,268,0,,,,0,1,51,68,1.5516037333001471,0.146,0.468
330,28,0,0,0,0,0,0,0,0,0,0,0,0,0,0,0,0,0,PORTLAND,PORTLAND,0,2.4,0.0,0.0,,275,0,,,,0,1,25,35,1.5506076307209908,0.149,0.518
331,28,0,0,20,0,194,105,0,5,0,0,0,7,0,0,520,0,0,PORTLAND,PORTLAND,0,2.4,0.0,0.0,,269,0,,,,0,1,0,0,2.889848336734495,0.149,0.518
332,28,0,0,0,0,0,0,0,0,0,0,0,0,0,0,0,0,0,PORTLAND,PORTLAND,0,2.4,0.0,0.0,,256,0,,,,0,1,146,212,3.1224849808070654,0.098,0.564
333,28,0,0,2,0,0,7,0,2,106,0,0,0,0,0,65,0,0,PORTLAND,PORTLAND,0,2.4,14.0,12.05,,253,0,,,,0,1,0,0,1.0016450265914063,0.098,0.564
334,28,0,0,0,0,0,28,0,0,0,0,0,0,0,0,23,0,0,PORTLAND,PORTLAND,0,2.4,0.0,0.0,,256,0,,,,0,1,111,157,1.55767630124524,0.048,0.561
335,29,0,0,0,0,0,12,0,1,0,0,0,0,137,0,255,0,0,PORTLAND,PORTLAND,487,2.4,0.0,0.0,,248,3,,,,0,1,0,0,1.5433148394881215,0.031,0.205
336,29,0,0,3,1936,0,17,0,3,0,0,0,0,0,5,1871,0,0,PORTLAND,PORTLAND,0,2.4,0.0,0.0,,223,0,,,,0,1,0,0,1.5743540512173049,0.049,0.271
337,29,0,16,0,0,25,29,7,77,32,0,0,0,0,0,126,0,0,PORTLAND,PORTLAND,0,2.4,0.0,0.0,,251,0,,,,0,1,13,13,15.537345468361051,0.0,0.272
338,29,0,12,0,0,1,32,0,0,16,15,0,2,0,0,93,0,0,PORTLAND,PORTLAND,0,2.4,0.0,0.0,,222,0,,,,0,1,0,0,1.6018279622710538,0.0,0.32
339,29,0,0,0,0,1,3,0,17,0,0,20,0,9,0,59,0,0,PORTLAND,PORTLAND,0,2.4,18.0,13.18,,281,0,,,,0,1,315,427,3.1703234123060158,0.0,0.272
340,29,0,2,0,0,0,94,0,0,4,0,0,3,0,0,69,0,0,PORTLAND,PORTLAND,0,2.4,0.0,0.0,,267,0,,,,0,1,69,90,1.5519516627397598,0.0,0.223
341,29,0,5,0,0,0,17,0,3,1,0,0,0,0,0,22,0,0,PORTLAND,PORTLAND,0,2.4,0.0,0.0,,272,0,,,,0,1,146,193,1.5673252035022132,0.0,0.223
342,29,0,0,0,0,0,0,0,0,0,0,0,0,0,0,0,0,0,PORTLAND,PORTLAND,0,2.4,0.0,0.0,,255,3,,,,0,1,108,142,1.5542471823267747,0.0,0.174
343,30,0,0,0,0,0,0,0,0,0,0,0,0,0,0,0,0,0,PORTLAND,PORTLAND,0,2.4,0.0,0.0,,199,0,,,,0,1,0,0,0.9303064429909071,0.0,0.096
344,30,0,0,0,0,1,105,0,4,1,0,0,3,0,8,112,0,0,PORTLAND,PORTLAND,0,2.4,0.0,0.0,,167,0,,,,0,1,0,0,1.5390636388494108,0.256,0.475
345,30,0,0,0,324,69,0,0,0,0,0,0,0,0,0,566,0,0,PORTLAND,PORTLAND,0,2.4,0.0,0.0,,223,0,,,,0,1,243,329,32.93314600333015,0.0,0.046
346,30,0,4,0,0,0,0,0,0,0,0,0,0,0,2,4,0,0,PORTLAND,PORTLAND,0,2.4,0.0,0.0,,223,0,,,,0,1,223,260,1.5446287907541911,0.0,0.0
347,30,0,0,0,0,36,0,0,0,0,0,0,0,0,0,57,0,0,PORTLAND,PORTLAND,0,2.4,7.0,5.7,,210,0,,,,0,1,255,259,4.699753398737107,0.0,0.0
348,30,0,11,0,0,0,91,0,1,0,4,0,0,1,10,72,0,0,PORTLAND,PORTLAND,0,2.4,11.5,9.36,,195,2,,,,0,1,48,48,1.5565241459517711,0.099,0.099
349,31,0,0,0,0,0,4,0,8,10,0,0,0,0,0,12,0,0,PORTLAND,PORTLAND,0,2.4,14.5,11.82,,307,0,,,,0,1,614,836,21.776157498335557,0.0,0.321
350,31,0,0,2,0,0,33,0,3,10,0,0,3,5,0,98,0,0,PORTLAND,PORTLAND,0,2.4,0.0,0.0,,300,0,,,,0,1,53,81,1.5521823368598906,0.049,0.322
351,31,0,91,4,0,0,17,0,0,4,0,0,0,0,0,127,0,0,PORTLAND,PORTLAND,0,2.4,0.0,0.0,,305,0,,,,0,1,55,85,1.5519500809160622,0.0,0.272
352,31,0,34,160,0,0,47,0,15,4,0,0,0,0,0,414,0,0,PORTLAND,PORTLAND,0,2.4,0.0,0.0,,293,0,,,,0,1,0,0,1.5519748909330533,0.048,0.273
353,31,0,14,0,0,0,540,0,0,23,0,0,0,0,0,496,0,0,PORTLAND,PORTLAND,0,2.4,0.0,0.0,,309,0,,,,0,1,115,192,1.5510941195274268,0.0,0.319
354,31,0,0,0,0,0,0,0,0,129,0,0,0,0,0,204,0,0,PORTLAND,PORTLAND,0,2.4,0.0,0.0,,313,0,,,,0,1,0,0,1.5786563488306746,0.013,0.257
355,31,0,40,0,0,0,546,0,0,31,0,0,1,0,0,634,0,0,PORTLAND,PORTLAND,0,2.4,0.0,0.0,,308,0,,,,0,1,0,0,1.5610092270239049,0.049,0.368
356,31,0,83,0,0,0,2,0,0,1,0,0,0,0,0,118,0,0,PORTLAND,PORTLAND,0,2.4,10.75,10.68,,312,0,,,,0,1,2,2,1.585610986366301,0.048,0.322
357,31,0,13,0,0,0,10,0,1,28,89,0,0,0,0,166,0,0,PORTLAND,PORTLAND,12,2.4,0.0,0.0,,317,0,,,,0,1,0,0,1.5515925186284285,0.0,0.319
358,31,0,73,0,0,0,5,0,2,10,13,0,0,0,0,93,0,0,PORTLAND,PORTLAND,0,2.4,0.0,0.0,,315,0,,,,0,1,100,157,1.5415458993121542,0.0,0.273
359,32,0,0,0,0,0,0,0,0,0,0,0,0,0,0,0,0,0,PORTLAND,PORTLAND,0,2.4,0.0,0.0,,313,3,,,,0,1,0,0,1.5470384409372473,0.0,0.124
360,32,0,0,0,0,0,0,0,0,1,0,0,0,0,0,1,0,0,PORTLAND,PORTLAND,0,2.4,0.0,0.0,,324,0,,,,0,1,0,0,0.951464236114134,0.0,0.173
361,32,0,0,0,3,72,0,0,0,0,0,0,0,0,0,164,0,0,PORTLAND,PORTLAND,0,2.4,0.0,0.0,,298,0,,,,0,1,3,4,1.5530047001566394,0.03,0.094
362,32,0,11,0,0,0,70,0,0,12,17,0,157,0,0,271,0,0,PORTLAND,PORTLAND,0,2.4,12.75,10.0,,318,0,,,,0,1,193,292,1.5749121720250994,0.0,0.222
363,32,0,0,0,0,0,128,0,0,4,18,0,0,0,0,112,0,0,PORTLAND,PORTLAND,0,2.4,15.0,12.21,,291,0,,,,0,1,33,33,1.5770758299872727,0.08,0.144
364,32,0,0,0,0,0,0,0,0,0,0,0,0,0,0,0,0,0,PORTLAND,PORTLAND,0,2.4,0.0,0.0,,304,3,,,,0,1,0,0,1.538266286007197,0.098,0.273
365,32,0,10,0,0,0,0,0,17,0,0,0,0,1,0,45,0,0,PORTLAND,PORTLAND,0,2.4,0.0,0.0,,315,0,,,,0,1,0,0,0.9462062904760932,0.047,0.222
366,32,0,44,0,0,0,1,0,0,8,0,0,0,0,0,73,0,0,PORTLAND,PORTLAND,0,2.4,12.63,10.28,,323,0,,,,0,1,0,0,1.5509529211856516,0.0,0.274
367,32,0,5,1,0,0,74,0,0,0,0,0,0,0,2,82,0,0,PORTLAND,PORTLAND,0,2.4,0.0,0.0,,280,0,,,,0,1,105,161,1.558770187177282,0.048,0.096
368,32,0,0,0,0,0,0,0,0,0,0,0,0,0,0,0,0,0,PORTLAND,PORTLAND,0,2.4,0.0,0.0,,292,3,,,,0,1,0,0,1.5461328481451706,0.079,0.127
369,32,0,0,0,0,0,69,0,0,0,7,0,0,0,0,67,0,0,PORTLAND,PORTLAND,0,2.4,0.0,0.0,,306,0,,,,0,1,0,0,0.9711651523737804,0.078,0.174
370,32,0,43,0,0,0,11,0,0,0,0,0,0,0,0,44,0,0,PORTLAND,PORTLAND,0,2.4,0.0,0.0,,316,0,,,,0,1,0,0,1.5520074520274485,0.0,0.225
371,32,0,6,0,0,38,1,0,0,5,0,0,2,0,0,53,0,0,PORTLAND,PORTLAND,0,2.4,0.0,0.0,,273,0,,,,0,1,0,0,1.556922722746608,0.0,0.096
372,32,0,0,0,0,0,0,0,0,0,0,0,0,0,0,0,0,0,PORTLAND,PORTLAND,0,2.4,0.0,0.0,,284,3,,,,0,1,93,140,1.5537199150397287,0.03,0.126
373,32,0,40,0,0,0,0,0,12,2,0,0,1,0,0,106,0,0,PORTLAND,PORTLAND,0,2.4,0.0,0.0,,295,0,,,,0,1,0,0,0.9620690136563372,0.078,0.174
374,32,0,22,0,0,17,10,0,1,1,2,0,10,0,0,87,0,0,PORTLAND,PORTLAND,0,2.4,0.0,0.0,,308,0,,,,0,1,6,9,1.552775014468333,0.0,0.224
375,32,0,0,0,0,0,0,0,0,0,0,0,0,0,0,0,0,0,PORTLAND,PORTLAND,0,2.4,0.0,0.0,,269,3,,,,0,1,144,219,1.5519734983881004,0.079,0.126
376,32,0,25,0,0,6,17,0,6,18,0,0,0,0,0,75,0,0,PORTLAND,PORTLAND,0,2.4,0.0,0.0,,261,0,,,,0,1,0,0,0.9502467400885186,0.05,0.097
377,32,0,0,0,0,0,72,0,75,11,0,0,0,0,0,68,0,0,PORTLAND,PORTLAND,0,2.4,12.0,9.77,,285,0,,,,0,1,17,25,1.553398328080572,0.049,0.176
378,32,0,63,0,0,23,52,0,0,13,2,0,23,0,0,187,0,0,PORTLAND,PORTLAND,0,2.4,0.0,0.0,,295,0,,,,0,1,0,0,1.545338140579794,0.05,0.225
379,33,0,23,0,0,0,116,0,0,0,42,3,0,0,0,172,0,0,PORTLAND,PORTLAND,0,2.4,0.0,0.0,,257,0,,,,0,1,2,3,1.5594180772862207,0.0,0.024
380,33,0,15,0,0,3,8,0,5,3,0,0,0,0,0,53,0,0,PORTLAND,PORTLAND,0,2.4,0.0,0.0,,274,0,,,,0,1,0,0,1.5661177692006765,0.0,0.046
381,33,0,56,0,0,137,1,0,0,0,0,0,0,0,0,125,0,0,PORTLAND,PORTLAND,0,2.4,0.0,0.0,,270,0,,,,0,1,111,114,1.5243610485025705,0.0,0.0
382,33,0,14,0,0,166,242,0,0,0,27,0,0,0,0,410,0,0,PORTLAND,PORTLAND,0,2.4,13.0,11.95,,248,0,,,,0,1,228,229,1.5571226820157342,0.0,0.0
383,33,0,0,0,0,54,148,0,0,2,0,0,0,0,14,251,0,0,PORTLAND,PORTLAND,0,2.4,13.0,9.77,,242,0,,,,0,1,0,0,1.549617565988507,0.0,0.027
384,33,0,0,0,0,0,107,0,0,5,0,0,0,0,0,120,0,0,PORTLAND,PORTLAND,0,2.4,0.0,0.0,,263,0,,,,0,1,192,196,1.5486986868258814,0.0,0.048
385,33,0,0,0,0,55,29,0,36,0,0,0,0,0,0,59,0,0,PORTLAND,PORTLAND,0,2.4,0.0,0.0,,234,0,,,,0,1,1,1,1.558127366382286,0.0,0.027
386,33,0,0,0,0,15,2,0,0,11,0,55,0,0,0,54,0,0,PORTLAND,PORTLAND,0,2.4,0.0,0.0,,253,0,,,,0,1,78,79,1.551986772497011,0.0,0.048
387,33,0,0,0,0,3,3,0,4,0,0,0,0,0,40,32,0,0,PORTLAND,PORTLAND,0,2.4,11.32,11.18,,231,0,,,,0,1,50,50,1.5519309106125618,0.0,0.028
388,33,0,0,0,0,0,8,0,7,0,0,0,0,0,0,13,0,0,PORTLAND,PORTLAND,0,2.4,0.0,0.0,,248,0,,,,0,1,0,0,1.5261011418957364,0.0,0.047
389,34,0,22,0,0,193,9,0,0,0,0,0,0,0,0,229,0,0,PORTLAND,PORTLAND,0,2.4,0.0,0.0,,210,0,,,,0,1,0,0,1.5489502808642452,0.0,0.057
390,34,0,57,0,0,0,0,0,0,0,17,0,0,0,0,36,0,0,PORTLAND,PORTLAND,0,2.4,0.0,0.0,,216,0,,,,0,1,193,194,1.6335868398020643,0.0,0.098
391,34,0,47,0,0,0,0,0,54,0,0,0,0,0,0,66,0,0,PORTLAND,PORTLAND,0,2.4,0.0,0.0,,224,0,,,,0,1,63,78,1.5395167233464264,0.0,0.048
392,34,0,11,0,0,0,226,0,5,2,0,0,0,136,0,615,0,0,PORTLAND,PORTLAND,0,2.4,0.0,0.0,,206,0,,,,0,1,142,142,1.557692151425947,0.0,0.01
393,34,0,0,0,0,0,58,0,1,0,0,0,16,0,0,55,0,0,PORTLAND,PORTLAND,0,2.4,12.75,10.68,,201,0,,,,0,1,1,1,1.8173341907877771,0.096,0.139
394,34,0,0,10,0,0,89,0,14,0,0,0,0,39,0,96,0,0,PORTLAND,PORTLAND,160,2.4,0.0,0.0,,198,0,,,,0,1,0,0,1.5408680039025349,0.045,0.029
395,34,0,29,0,0,22,28,0,20,3,16,0,4,11,0,71,0,0,PORTLAND,PORTLAND,0,2.4,0.0,0.0,,210,0,,,,0,1,66,82,1.7196806886380227,0.048,0.097
396,34,0,2,0,0,27,21,0,0,1,0,19,0,0,0,43,0,0,PORTLAND,PORTLAND,0,2.4,0.0,0.0,,218,0,,,,0,1,205,256,1.5519678865790776,0.048,0.048
397,34,0,0,0,3,98,229,0,10,0,0,0,0,0,0,255,0,0,PORTLAND,PORTLAND,0,2.4,12.0,10.23,,187,0,,,,0,1,19,19,1.5509072477455836,0.045,0.029
398,34,0,14,0,0,0,0,0,0,1,0,0,0,7,0,28,0,0,PORTLAND,PORTLAND,0,2.4,0.0,0.0,,214,0,,,,0,1,0,0,1.7739257842282483,0.048,0.048
399,34,0,52,0,0,0,29,0,54,0,0,0,0,0,0,153,0,0,PORTLAND,PORTLAND,0,2.4,10.0,10.0,,202,0,,,,0,1,0,0,1.5520053190332923,0.096,0.097
400,34,0,0,52,0,0,39,0,3,0,46,0,0,0,1,80,0,0,PORTLAND,PORTLAND,0,2.4,15.0,9.77,,196,0,,,,0,1,93,113,1.5504431516316504,0.033,0.0
401,34,0,0,0,0,0,0,0,0,0,0,0,0,208,0,252,0,0,PORTLAND,PORTLAND,0,2.4,0.0,0.0,,185,0,,,,0,1,16,16,1.5467781216991852,0.0,0.033
402,34,0,0,0,0,0,0,0,0,0,0,0,0,0,0,0,0,0,PORTLAND,PORTLAND,0,2.4,0.0,0.0,,193,2,,,,0,1,0,0,1.4339853439193722,0.0,0.106
403,34,0,0,0,0,0,0,0,0,0,0,12,0,0,0,10,0,0,PORTLAND,PORTLAND,0,2.4,0.0,0.0,,208,0,,,,0,1,0,0,1.5377298376331856,0.0,0.096
404,34,0,0,0,0,32,0,0,0,0,0,0,0,0,0,16,0,0,PORTLAND,PORTLAND,0,2.4,11.81,9.55,,203,0,,,,0,1,13,13,1.5520264641245636,0.048,0.048
405,34,0,0,0,0,48,0,0,0,0,0,0,0,0,0,24,0,0,PORTLAND,PORTLAND,0,2.4,11.73,9.55,,189,0,,,,0,1,0,0,1.5348510301466656,0.05,0.097
406,34,0,0,13,147,0,8,0,0,0,0,0,0,0,0,234,0,0,PORTLAND,PORTLAND,0,2.4,0.0,0.0,,181,0,,,,0,1,23,23,1.5638502547555064,0.098,0.145
407,34,0,0,0,0,0,0,0,0,0,0,0,0,0,0,0,0,0,PORTLAND,PORTLAND,0,2.4,0.0,0.0,,181,0,,,,0,1,23,23,1.4089828582762003,0.143,0.19
408,34,0,45,0,0,0,64,0,6,15,0,7,0,0,0,173,0,0,PORTLAND,PORTLAND,0,2.4,0.0,0.0,,242,0,,,,0,1,0,0,2.7804181644194044,0.0,0.0
409,34,0,0,0,0,0,0,0,0,0,0,0,0,0,0,0,0,0,PORTLAND,PORTLAND,0,2.4,10.0,9.05,,233,0,,,,0,1,0,0,1.5511968871830564,0.0,0.0
410,34,0,0,0,1,0,47,0,1,0,0,0,0,0,0,54,0,0,PORTLAND,PORTLAND,0,2.4,10.0,10.46,,229,0,,,,0,1,0,0,1.5509082691057388,0.0,0.0
411,34,0,0,0,0,0,0,0,0,0,0,0,0,0,0,0,0,0,PORTLAND,PORTLAND,0,2.4,0.0,0.0,,189,3,,,,0,1,0,0,1.5527345360237073,0.023,0.13
412,34,0,12,0,0,0,224,0,10,0,0,0,0,0,0,226,0,0,PORTLAND,PORTLAND,0,2.4,0.0,0.0,,225,0,,,,0,1,10,10,27.15434893538027,0.0,0.0
413,34,0,52,0,0,0,31,0,2,3,0,21,0,0,0,168,0,0,PORTLAND,PORTLAND,0,2.4,0.0,0.0,,217,0,,,,0,1,226,287,1.5527139739277347,0.0,0.0
414,35,0,0,0,0,0,0,0,0,0,0,0,0,0,0,0,0,0,PORTLAND,PORTLAND,0,0.0,0.0,0.0,,124,0,,,,0,7,62,72,1.5486221839779255,0.041,0.887
415,35,0,8,0,0,0,49,0,0,5,0,0,9,0,0,84,0,0,PORTLAND,PORTLAND,0,0.0,12.0,7.27,,130,0,,,,0,7,0,0,0.6735371972303735,0.098,0.956
416,35,0,11,0,1,19,38,0,17,0,3,0,3,0,0,84,0,0,PORTLAND,PORTLAND,0,0.0,0.0,0.0,,74,0,,,,0,7,0,0,6.22926007107599,0.0,1.179
417,35,0,0,0,0,0,58,5,0,2,0,0,0,0,0,63,0,0,PORTLAND,PORTLAND,0,0.0,0.0,0.0,,142,0,,,,0,7,770,1391,84.73326249713818,0.0,0.952
418,35,0,0,0,0,0,4,0,0,0,0,8,0,9,0,39,0,0,PORTLAND,PORTLAND,0,0.0,0.0,0.0,,137,0,,,,0,7,0,0,1.563180505754337,0.0,1.0
419,35,0,0,0,0,0,0,0,0,0,0,0,0,0,0,0,0,0,PORTLAND,PORTLAND,0,0.0,0.0,0.0,,134,0,,,,0,7,0,0,1.5554033914748713,0.047,999999.0
420,35,0,33,0,0,0,0,0,0,2,0,0,0,0,0,35,0,0,PORTLAND,PORTLAND,0,0.0,0.0,0.0,,135,0,,,,0,7,0,0,3.037235941405667,0.0,999999.0
421,35,0,22,2,0,0,10,0,0,29,0,0,0,0,0,48,0,0,PORTLAND,PORTLAND,0,0.0,0.0,0.0,,152,0,,,,0,7,0,0,3.098568761054884,0.292,1.244
422,35,0,0,23,18,920,436,0,0,0,0,0,0,6,0,2314,0,0,PORTLAND,PORTLAND,0,0.0,0.0,0.0,,95,0,,,,0,7,18,22,18.300479073845043,0.098,999999.0
423,35,0,0,0,0,0,47,0,0,0,0,25,0,0,0,98,0,0,PORTLAND,PORTLAND,0,0.0,0.0,0.0,,120,0,,,,0,7,0,0,16.766906737079648,0.0,999999.0
424,35,0,0,1,0,0,0,1,19,0,2,4,0,0,0,33,0,0,PORTLAND,PORTLAND,0,0.0,0.0,0.0,,132,0,,,,0,7,0,0,3.01143836032716,0.096,999999.0
425,35,0,0,0,0,0,3,0,0,2,0,0,3,0,0,11,0,0,PORTLAND,PORTLAND,0,0.0,0.0,0.0,,133,0,,,,0,7,0,0,2.9999846378237143,0.049,1.001
426,35,0,0,0,0,0,16,0,0,7,0,6,0,0,0,37,0,0,PORTLAND,PORTLAND,0,0.0,0.0,0.0,,141,0,,,,0,7,0,0,1.5296763327930865,0.197,1.149
427,35,0,0,0,44,0,0,0,0,0,0,0,0,0,0,47,0,0,PORTLAND,PORTLAND,0,0.0,0.0,0.0,,138,0,,,,0,7,0,0,3.084847619655973,0.292,1.244
428,35,0,32,0,0,0,260,0,0,0,0,0,0,0,0,217,0,0,PORTLAND,PORTLAND,0,0.0,10.0,8.14,,114,0,,,,0,7,1,1,3.1372017679082567,0.0,1.025
429,35,0,0,0,0,0,2,0,0,0,0,17,100,0,0,129,0,0,PORTLAND,PORTLAND,0,0.0,0.0,0.0,,129,0,,,,0,7,0,0,2.6901987780411964,0.195,999999.0
430,35,0,1,0,0,0,39,0,0,2,0,10,0,0,0,106,0,0,PORTLAND,PORTLAND,0,0.0,0.0,0.0,,126,0,,,,0,7,0,0,3.1437573737591324,0.049,999999.0
431,35,0,0,0,0,0,0,0,0,0,0,0,14,0,0,9,0,0,PORTLAND,PORTLAND,0,0.0,0.0,0.0,,118,0,,,,0,7,2,2,3.1070392997252942,0.196,999999.0
432,35,0,0,0,0,0,64,0,0,0,0,0,0,0,204,458,0,0,PORTLAND,PORTLAND,0,0.0,0.0,0.0,,116,0,,,,0,7,0,0,1.596053590434559,0.215,999999.0
433,35,0,0,486,0,0,5,0,0,0,0,1,0,0,0,530,0,0,PORTLAND,PORTLAND,0,0.0,0.0,0.0,,122,0,,,,0,7,0,0,3.0999260632678194,0.213,999999.0
434,35,0,25,0,0,0,0,0,0,0,3,2,12,0,0,27,0,0,PORTLAND,PORTLAND,0,0.0,0.0,0.0,,123,0,,,,0,7,0,0,6.219562848799783,0.099,999999.0
435,35,0,9,93,0,0,7,0,6,0,0,0,0,0,0,60,0,0,PORTLAND,PORTLAND,0,0.0,0.0,0.0,,114,0,,,,0,7,7,10,4.619843065944305,0.193,999999.0
436,35,0,0,74,0,0,9,0,0,0,0,0,0,0,0,89,0,0,PORTLAND,PORTLAND,0,0.0,0.0,0.0,,103,0,,,,0,7,0,0,3.0960551943987444,0.215,999999.0
437,35,0,0,0,0,0,0,0,0,0,0,15,1,0,0,12,0,0,PORTLAND,PORTLAND,0,0.0,0.0,0.0,,103,0,,,,0,7,0,0,2.1514950118343057,0.246,999999.0
438,35,0,0,12,0,0,0,0,0,3,0,10,15,0,0,22,0,0,PORTLAND,PORTLAND,0,0.0,0.0,0.0,,103,0,,,,0,7,1,1,2.1486591193652886,0.146,999999.0
439,35,0,0,0,0,0,44,0,0,10,0,29,6,0,0,94,0,0,PORTLAND,PORTLAND,0,0.0,0.0,0.0,,104,0,,,,0,7,1,1,2.1141472697079022,0.193,999999.0
440,35,0,0,66,0,0,83,0,17,5,0,10,1,0,32,186,0,0,PORTLAND,PORTLAND,0,0.0,0.0,0.0,,122,0,,,,0,7,14,14,2.184874102766029,0.244,1.196
441,35,0,0,0,0,0,0,0,0,0,0,19,0,0,0,17,0,0,PORTLAND,PORTLAND,0,0.0,0.0,0.0,,114,0,,,,0,7,0,0,17.249521999850813,0.197,999999.0
442,35,0,0,0,0,15,0,0,0,0,0,209,10,0,0,221,0,0,PORTLAND,PORTLAND,0,0.0,0.0,0.0,,117,0,,,,0,7,0,0,10.761010066224417,0.39,999999.0
443,35,0,0,0,0,0,22,0,4,0,0,13,0,0,0,46,0,0,PORTLAND,PORTLAND,0,0.0,0.0,0.0,,93,0,,,,0,7,0,0,24.822385045579924,0.214,999999.0
444,35,0,0,16,0,0,20,0,4,0,0,0,0,0,0,31,0,0,PORTLAND,PORTLAND,0,0.0,0.0,0.0,,92,0,,,,0,7,0,0,1.7868621530366826,0.314,999999.0
445,35,0,0,0,0,0,2,0,0,0,0,108,0,0,23,121,0,0,PORTLAND,PORTLAND,0,0.0,0.0,0.0,,95,0,,,,0,7,0,0,1.9051087171195484,0.245,999999.0
446,35,0,0,76,0,0,13,0,5,0,0,0,53,3,852,1032,0,0,PORTLAND,PORTLAND,0,0.0,0.0,0.0,,103,0,,,,0,7,0,0,8.66407046190648,0.0,1.179
447,35,0,0,0,0,0,19,0,0,0,0,0,4,0,0,12,0,0,PORTLAND,PORTLAND,0,0.0,0.0,0.0,,88,0,,,,0,7,0,0,11.542151290695042,0.148,999999.0
448,35,0,0,0,0,0,0,0,0,0,0,0,0,0,0,0,0,0,PORTLAND,PORTLAND,0,0.0,0.0,0.0,,77,0,,,,0,7,0,0,4.160415386353442,0.205,999999.0
449,36,0,0,0,0,0,0,0,0,6,0,0,0,0,0,10,0,0,PORTLAND,PORTLAND,0,0.0,0.0,0.0,,132,0,,,,0,7,0,0,4.004814549051559,0.061,0.907
450,36,0,0,0,0,0,0,0,0,0,0,0,0,0,0,0,0,0,PORTLAND,PORTLAND,0,0.0,0.0,0.0,,222,0,,,,0,7,0,0,0.5905916911912001,0.0,0.697
451,36,0,14,0,0,0,11,0,0,0,0,0,0,0,0,16,0,0,PORTLAND,PORTLAND,0,0.0,0.0,0.0,,224,0,,,,0,7,0,0,0.5290965466717529,0.0,0.649
452,36,0,0,0,0,0,1,0,127,0,0,0,0,0,0,137,0,0,PORTLAND,PORTLAND,0,0.0,0.0,0.0,,231,0,,,,0,7,81,104,1.5292715971624211,0.0,0.611
453,36,0,0,0,0,0,0,0,0,10,0,0,0,0,0,11,0,0,PORTLAND,PORTLAND,0,2.0,0.0,0.0,,228,0,,,,0,7,7,9,1.5521344577959872,0.0,0.562
454,36,0,0,7,0,0,0,0,0,0,5,0,0,0,0,13,0,0,PORTLAND,PORTLAND,0,0.0,0.0,0.0,,213,0,,,,0,7,67,82,1.5529465041677388,0.048,0.698
455,36,0,0,0,0,0,0,0,0,0,0,0,0,0,0,0,0,0,PORTLAND,PORTLAND,0,0.0,0.0,0.0,,207,0,,,,0,7,2,3,1.5351652766505324,0.048,0.698
456,36,0,0,0,0,0,16,0,1,0,0,0,0,0,0,14,0,0,PORTLAND,PORTLAND,0,0.0,0.0,0.0,,221,0,,,,0,7,0,0,0.5530042062723014,0.049,0.66
457,36,0,0,0,0,0,0,0,0,37,0,0,0,0,0,29,0,0,PORTLAND,PORTLAND,0,2.0,0.0,0.0,,217,0,,,,0,7,32,39,1.5499986699882993,0.049,0.611
458,36,0,0,2,0,0,35,0,0,0,0,0,0,0,0,77,0,0,PORTLAND,PORTLAND,0,2.0,0.0,0.0,,200,0,,,,0,7,4,5,1.5526264157375949,0.0,0.746
459,36,0,0,0,0,0,0,0,0,0,0,0,0,0,0,0,0,0,PORTLAND,PORTLAND,0,0.0,0.0,0.0,,194,0,,,,0,7,0,0,1.5357185895900076,0.0,0.715
460,36,0,3,0,0,2,8,0,0,0,28,0,0,1,0,59,0,0,PORTLAND,PORTLAND,0,2.0,0.0,0.0,,208,0,,,,0,7,0,0,0.595586867940238,0.0,0.708
461,36,0,0,0,0,0,9,0,2,19,0,0,0,0,0,24,0,0,PORTLAND,PORTLAND,0,2.0,0.0,0.0,,210,0,,,,0,7,99,136,1.551765152901137,0.0,0.66
462,36,0,0,13,0,0,13,0,0,0,1,0,0,0,0,37,0,0,PORTLAND,PORTLAND,0,2.0,0.0,0.0,,197,0,,,,0,7,0,0,1.5526038904186985,0.048,0.756
463,36,0,25,0,0,0,7,0,0,14,0,0,0,0,0,30,0,0,PORTLAND,PORTLAND,0,2.0,0.0,0.0,,194,0,,,,0,7,89,123,1.5549410912558628,0.0,0.708
464,36,0,0,0,0,0,1,0,0,66,0,0,0,0,0,59,0,0,PORTLAND,PORTLAND,0,2.0,0.0,0.0,,186,0,,,,0,7,0,0,1.5375037168283407,0.097,0.843
465,36,0,0,0,0,0,0,0,0,0,0,0,0,0,0,0,0,0,PORTLAND,PORTLAND,0,0.0,0.0,0.0,,180,0,,,,0,7,0,0,1.5380193470780454,0.049,0.759
466,36,0,0,0,0,0,0,0,0,0,0,0,0,0,0,0,0,0,PORTLAND,PORTLAND,0,0.0,0.0,0.0,,168,0,,,,0,7,0,0,0.5911181745514296,0.097,0.804
467,36,0,0,0,0,0,0,0,0,0,14,0,0,0,0,19,0,0,PORTLAND,PORTLAND,0,2.0,0.0,0.0,,175,0,,,,0,7,0,0,0.5708679573730354,0.097,0.843
468,36,0,0,0,0,0,5,0,14,0,0,0,0,0,0,46,0,0,PORTLAND,PORTLAND,0,2.0,0.0,0.0,,185,0,,,,0,7,0,0,1.5122510921408274,0.05,0.805
469,36,0,0,0,0,0,0,0,0,0,0,53,0,0,0,52,0,0,PORTLAND,PORTLAND,0,2.0,0.0,0.0,,186,0,,,,0,7,0,0,1.5637312139807744,0.049,0.757
470,36,0,0,7,0,0,110,0,0,0,0,0,2,0,0,239,0,0,PORTLAND,PORTLAND,0,2.0,0.0,0.0,,186,0,,,,0,7,0,0,1.5491856859926765,0.096,0.853
471,36,0,2,0,0,5,8,0,6,0,4,0,0,6,0,29,0,0,PORTLAND,PORTLAND,0,2.0,0.0,0.0,,171,0,,,,0,7,44,53,3.0921505526798057,0.0,0.855
472,36,0,0,0,0,93,5,0,124,0,0,0,0,0,0,274,0,0,PORTLAND,PORTLAND,0,2.0,0.0,0.0,,173,0,,,,0,7,0,0,1.5375756954219864,0.0,0.806
473,36,0,24,7,0,0,82,0,0,0,0,0,3,0,0,86,0,0,PORTLAND,PORTLAND,0,2.0,0.0,0.0,,178,0,,,,0,7,74,91,1.5463819127060303,0.0,0.952
474,36,0,0,0,0,2,19,0,0,7,1,1,0,0,0,41,0,0,PORTLAND,PORTLAND,0,2.0,0.0,0.0,,189,0,,,,0,7,58,68,3.118224547597544,0.046,0.94
475,36,0,0,0,0,0,11,0,0,0,0,0,0,0,0,15,0,0,PORTLAND,PORTLAND,0,2.0,0.0,0.0,,162,0,,,,0,7,21,21,6.1768701549808585,0.047,0.893
476,36,0,0,0,0,0,0,0,0,0,0,0,0,0,0,0,0,0,PORTLAND,PORTLAND,0,0.0,0.0,0.0,,155,0,,,,0,7,43,43,1.588075241273872,0.1,0.853
477,36,0,0,0,0,0,0,0,0,0,0,0,0,0,0,0,0,0,PORTLAND,PORTLAND,0,0.0,0.0,0.0,,152,0,,,,0,7,0,0,0.6723563906893335,0.098,0.903
478,36,0,0,0,0,2,17,0,1,2,0,0,0,0,0,20,0,0,PORTLAND,PORTLAND,0,2.0,10.0,8.14,,177,0,,,,0,7,0,0,2.321788928937216,0.0,0.991
479,36,0,0,0,0,0,0,0,5,0,0,0,0,0,0,4,0,0,PORTLAND,PORTLAND,0,2.0,0.0,0.0,,168,0,,,,0,7,0,0,3.102468097562304,0.046,0.998
480,36,0,0,0,0,0,0,0,0,0,0,0,0,0,0,1,0,0,PORTLAND,PORTLAND,0,2.0,0.0,0.0,,163,0,,,,0,7,14,18,3.1511560323753933,0.05,0.904
481,36,0,0,0,0,0,0,0,0,0,0,0,0,0,0,0,0,0,PORTLAND,PORTLAND,0,0.0,0.0,0.0,,159,0,,,,0,7,0,0,1.6253730282160623,0.048,0.95
482,36,0,0,0,0,0,0,0,0,0,0,0,0,0,0,0,0,0,PORTLAND,PORTLAND,0,2.0,0.0,0.0,,161,0,,,,0,7,0,0,1.955648007889235,0.046,0.998
483,36,0,0,0,0,0,0,0,0,0,0,0,0,0,0,0,0,0,PORTLAND,PORTLAND,0,0.0,0.0,0.0,,149,0,,,,0,7,0,0,2.8094865313246884,0.0,0.952
484,36,0,0,0,0,0,0,0,0,0,0,0,0,0,0,0,0,0,PORTLAND,PORTLAND,0,0.0,0.0,0.0,,151,0,,,,0,7,0,0,1.0766780288538875,0.048,0.95
485,36,0,0,0,0,0,2,0,0,7,0,0,5,0,0,11,0,0,PORTLAND,PORTLAND,0,0.0,0.0,0.0,,145,0,,,,0,7,0,0,1.7487933784647656,0.049,1.005
486,36,0,0,0,0,0,0,0,0,0,0,0,0,68,0,63,206,0,PORTLAND,PORTLAND,0,0.0,0.0,0.0,,142,0,,,,0,7,12,12,1.5970207636762883,0.145,0.95
487,36,0,0,0,0,4,230,0,0,0,0,0,21,0,431,883,0,0,PORTLAND,PORTLAND,0,2.0,0.0,0.0,,170,0,,,,0,7,0,0,1.7154113378302518,0.097,1.088
488,37,0,28,0,0,4,23,0,18,2,26,0,0,0,0,69,0,0,PORTLAND,PORTLAND,0,2.0,0.0,0.0,,242,0,,,,0,7,0,0,2.962089683129452,0.0,0.66
489,37,0,0,0,0,69,0,0,0,0,0,0,0,0,0,91,0,0,PORTLAND,PORTLAND,0,2.0,0.0,0.0,,249,0,,,,0,7,14,15,3.101617897571761,0.097,0.514
490,37,0,2,0,0,0,3,0,1,0,0,0,2,0,0,15,0,0,PORTLAND,PORTLAND,0,0.0,0.0,0.0,,278,0,,,,0,7,0,0,1.5558299647173122,0.048,0.316
491,37,0,28,0,0,0,7,0,0,0,0,0,0,0,0,52,0,0,PORTLAND,PORTLAND,0,2.0,0.0,0.0,,270,0,,,,0,7,12,13,1.550859981692053,0.0,0.268
492,37,0,0,0,0,14,0,0,0,0,0,0,0,10,0,35,134,0,PORTLAND,PORTLAND,0,2.0,0.0,0.0,,261,0,,,,0,7,5,5,1.5527605823930175,0.096,0.392
493,37,0,0,0,0,0,4,0,0,0,0,0,0,0,0,4,0,0,PORTLAND,PORTLAND,0,0.0,0.0,0.0,,275,0,,,,0,7,28,35,3.103974235038447,0.0,0.366
494,37,0,0,0,0,0,5,0,0,2,0,0,0,0,0,5,0,0,PORTLAND,PORTLAND,0,2.0,0.0,0.0,,265,0,,,,0,7,34,44,1.5519366345107757,0.0,0.318
495,37,0,0,0,0,0,0,0,0,0,0,0,0,0,0,0,0,0,PORTLAND,PORTLAND,0,2.0,0.0,0.0,,261,3,,,,0,7,101,129,1.5527400165137866,0.097,0.466
496,37,0,0,0,0,32,0,0,5,0,0,0,0,0,0,34,0,0,PORTLAND,PORTLAND,0,2.0,0.0,0.0,,262,0,,,,0,7,6,6,3.1038544418554985,0.0,0.367
497,37,0,0,0,0,0,32,0,0,0,0,0,1,0,0,17,0,0,PORTLAND,PORTLAND,0,2.0,0.0,0.0,,255,0,,,,0,7,38,41,1.55160491143139,0.096,0.514
498,37,0,0,46,0,0,18,0,0,0,0,0,0,0,0,69,0,0,PORTLAND,PORTLAND,0,2.0,0.0,0.0,,260,0,,,,0,7,141,177,3.103896873524321,0.0,0.415
499,37,0,0,0,0,0,4,0,1,0,0,0,1,0,0,7,0,0,PORTLAND,PORTLAND,0,2.0,0.0,0.0,,253,0,,,,0,7,38,50,1.55264618233984,0.096,0.514
500,37,0,0,0,0,0,14,0,7,0,0,1,0,0,0,20,0,0,PORTLAND,PORTLAND,0,2.0,0.0,0.0,,256,0,,,,0,7,259,344,3.1016344521880272,0.049,0.464
501,37,0,0,0,0,16,12,0,0,0,0,2,0,2,0,34,0,0,PORTLAND,PORTLAND,0,2.0,0.0,0.0,,253,0,,,,0,7,45,59,1.5418303101316786,0.098,0.563
502,38,0,0,0,0,0,0,0,0,0,0,0,0,0,0,0,0,0,PORTLAND,PORTLAND,0,0.0,0.0,0.0,,243,0,,,,0,7,97,121,3.1038791147874094,0.097,0.648
503,38,0,0,0,0,0,8,0,0,0,0,0,0,0,0,7,0,0,PORTLAND,PORTLAND,0,0.0,0.0,0.0,,299,0,,,,0,7,0,0,0.5425913397298703,0.0,0.248
504,38,0,0,0,0,0,0,0,0,0,0,0,0,0,0,0,0,0,PORTLAND,PORTLAND,0,0.0,0.0,0.0,,290,0,,,,0,7,51,65,1.661154750877662,0.098,0.308
505,38,0,0,0,0,0,0,0,0,0,0,0,0,0,0,0,0,0,PORTLAND,PORTLAND,0,0.0,0.0,0.0,,286,0,,,,0,7,0,0,1.718528737977584,0.047,0.404
506,38,0,0,0,0,0,0,0,0,0,0,0,0,0,0,0,0,0,PORTLAND,PORTLAND,0,0.0,0.0,0.0,,273,0,,,,0,7,0,0,1.2160901308762595,0.049,0.502
507,38,0,0,0,0,0,0,0,0,0,0,0,0,0,0,0,0,0,PORTLAND,PORTLAND,0,0.0,0.0,0.0,,259,0,,,,0,7,0,0,1.7473341782402774,0.146,0.599
508,38,0,0,0,0,43,4,0,1,0,1,0,0,0,0,51,0,0,PORTLAND,PORTLAND,0,0.0,0.0,0.0,,248,0,,,,0,7,0,0,0.5838303908941146,0.048,0.563
509,38,0,0,0,0,0,43,0,3,0,0,0,0,0,50,103,0,0,PORTLAND,PORTLAND,0,0.0,0.0,0.0,,241,0,,,,0,7,72,94,1.562710885834973,0.048,0.601
510,38,0,0,0,0,0,2,0,0,0,0,0,0,0,0,3,0,0,PORTLAND,PORTLAND,0,0.0,0.0,0.0,,291,0,,,,0,7,0,0,1.5167380463105165,0.0,0.202
511,38,0,0,0,0,0,0,0,0,0,0,0,0,26,0,21,225,0,PORTLAND,PORTLAND,0,0.0,0.0,0.0,,289,0,,,,0,7,0,0,1.4297459303273603,0.075,0.286
512,38,0,0,21,0,0,4,0,13,0,0,0,0,5,0,36,0,0,PORTLAND,PORTLAND,0,0.0,0.0,0.0,,282,0,,,,0,7,5,5,1.5256697308337923,0.0,0.309
513,38,0,0,0,0,0,0,0,0,0,0,0,58,0,0,49,0,0,PORTLAND,PORTLAND,0,0.0,0.0,0.0,,281,0,,,,0,7,82,108,1.5363536698075546,0.0,0.309
514,38,0,13,0,0,0,1,0,0,10,1,0,0,0,0,34,0,0,PORTLAND,PORTLAND,0,0.0,0.0,0.0,,282,0,,,,0,7,35,42,1.5343593467627232,0.048,0.357
515,38,0,0,0,0,0,0,0,0,47,0,0,0,4,0,35,0,0,PORTLAND,PORTLAND,0,0.0,0.0,0.0,,273,0,,,,0,7,1,1,1.5666430985703108,0.0,0.405
516,38,0,0,0,0,2,20,0,0,0,0,0,0,0,0,19,0,0,PORTLAND,PORTLAND,0,0.0,0.0,0.0,,274,0,,,,0,7,0,0,1.5649616375669213,0.048,0.415
517,38,0,0,29,0,0,18,0,3,0,0,0,0,0,0,57,0,0,PORTLAND,PORTLAND,0,0.0,0.0,0.0,,268,0,,,,0,7,14,14,1.5508218159665177,0.049,0.454
518,38,0,0,0,0,0,0,0,0,0,0,0,0,0,2,2,0,0,PORTLAND,PORTLAND,0,0.0,0.0,0.0,,266,0,,,,0,7,36,44,1.5527762407609424,0.0,0.463
519,38,0,29,0,0,0,48,0,0,0,0,0,0,0,0,61,0,0,PORTLAND,PORTLAND,0,0.0,0.0,0.0,,263,0,,,,0,7,15,15,1.5519561602938083,0.098,0.503
520,38,0,0,0,14,0,0,0,0,0,0,0,7,0,0,32,0,0,PORTLAND,PORTLAND,0,0.0,0.0,0.0,,260,0,,,,0,7,0,0,1.5402068528020665,0.097,0.512
521,38,0,0,0,0,4,5,0,0,0,0,0,0,0,0,16,0,0,PORTLAND,PORTLAND,0,0.0,0.0,0.0,,257,0,,,,0,7,0,0,1.547619640566623,0.098,0.551
522,39,0,29,0,0,0,3,0,0,0,0,0,0,0,0,26,0,0,PORTLAND,PORTLAND,0,0.0,0.0,0.0,,285,0,,,,0,7,9,9,1.518515676261614,0.0,0.15
523,39,0,50,0,0,0,0,0,0,0,0,0,0,0,0,83,0,0,PORTLAND,PORTLAND,0,2.0,0.0,0.0,,274,0,,,,0,7,86,131,1.3129848711541747,0.0,0.088
524,39,0,0,0,0,0,1,0,10,0,0,0,0,1,0,8,0,0,PORTLAND,PORTLAND,0,2.0,0.0,0.0,,275,0,,,,0,7,5,6,1.175071664211552,0.0,0.123
525,39,0,0,0,0,0,0,0,16,0,0,0,0,0,0,10,0,0,PORTLAND,PORTLAND,0,0.0,0.0,0.0,,284,0,,,,0,7,75,112,1.55197574983357,0.0,0.172
526,39,0,0,0,0,0,0,0,0,0,0,0,0,0,0,0,0,0,PORTLAND,PORTLAND,0,0.0,0.0,0.0,,278,0,,,,0,7,3,4,1.55770759508908,0.05,0.22
527,39,0,20,0,0,0,0,0,25,0,0,0,0,0,0,108,0,0,PORTLAND,PORTLAND,0,2.0,0.0,0.0,,269,0,,,,0,7,0,0,1.5428278532156063,0.048,0.171
528,39,0,0,0,0,0,1,0,0,0,0,0,0,0,0,0,0,0,PORTLAND,PORTLAND,0,2.0,9.99,8.14,,272,0,,,,0,7,120,134,4.137702740774821,0.048,0.171
529,39,0,48,0,0,5,8,0,3,2,0,0,0,0,0,47,0,0,PORTLAND,PORTLAND,0,2.0,12.79,10.41,,258,0,,,,0,7,16,20,1.5516822190037616,0.0,0.172
530,39,0,0,0,0,41,0,0,0,0,0,0,0,0,0,23,0,0,PORTLAND,PORTLAND,0,0.0,10.33,8.41,,278,2,,,,0,7,271,424,3.98184491815962,0.0,0.357
531,39,0,0,0,0,0,0,0,0,0,0,3,0,45,0,95,0,0,PORTLAND,PORTLAND,0,2.0,0.0,0.0,,269,0,,,,0,7,32,46,1.5520325483072104,0.0,0.22
532,39,0,0,0,0,1,1,0,45,0,0,0,0,0,0,61,0,0,PORTLAND,PORTLAND,0,2.0,0.0,0.0,,260,0,,,,0,7,58,87,1.5527782100980283,0.0,0.269
533,40,0,16,0,0,0,0,0,0,35,0,0,0,0,0,42,0,0,PORTLAND,PORTLAND,0,2.0,0.0,0.0,,223,0,,,,0,7,249,386,3.107761211997538,0.048,0.294
534,40,0,80,0,0,0,1,0,0,0,0,0,0,0,0,40,0,0,PORTLAND,PORTLAND,0,2.0,0.0,0.0,,213,0,,,,0,7,64,80,2.091631183524393,0.0,0.342
535,40,0,0,0,0,0,6,0,0,190,0,0,0,0,0,114,0,0,PORTLAND,PORTLAND,0,2.0,0.0,0.0,,245,0,,,,0,7,50,61,1.7223794467541025,0.0,0.205
536,40,0,77,0,0,0,30,0,13,0,0,0,3,0,0,92,0,0,PORTLAND,PORTLAND,0,2.0,0.0,0.0,,233,0,,,,0,7,31,37,3.820695387377384,0.049,0.308
537,40,0,0,0,0,0,11,0,0,0,0,0,0,0,0,10,0,0,PORTLAND,PORTLAND,0,2.0,0.0,0.0,,223,0,,,,0,7,92,114,3.696232830268968,0.099,0.353
538,40,0,44,0,0,1,1,0,6,5,0,0,0,0,0,81,0,0,PORTLAND,PORTLAND,0,2.0,0.0,0.0,,239,0,,,,0,7,131,167,3.1045067540046145,0.049,0.322
539,40,0,0,0,0,1,8,0,2,0,20,0,0,1,0,20,0,0,PORTLAND,PORTLAND,0,2.0,0.0,0.0,,225,0,,,,0,7,185,250,3.103662199161324,0.098,0.446
540,41,0,46,0,0,0,18,0,0,0,0,0,2,0,0,48,0,0,PORTLAND,PORTLAND,0,2.0,0.0,0.0,,240,0,,,,0,7,144,192,3.101871952021773,0.0,0.406
541,41,0,89,0,0,0,7,0,0,122,0,0,0,0,0,137,0,0,PORTLAND,PORTLAND,0,2.0,0.0,0.0,,222,0,,,,0,7,188,263,3.1046989764349577,0.098,0.495
542,41,0,32,0,0,11,1,0,2,0,1,13,0,40,0,128,268,69,PORTLAND,PORTLAND,0,2.0,0.0,0.0,,239,2,,,,0,7,103,132,3.104936964278215,0.0,0.454
543,41,0,36,0,0,0,3,0,1,0,21,0,0,0,0,60,0,0,PORTLAND,PORTLAND,0,2.0,0.0,0.0,,221,0,,,,0,7,54,70,3.1025170917545664,0.097,0.592
544,42,0,0,0,0,0,0,0,0,0,0,0,0,0,0,1,0,0,PORTLAND,PORTLAND,0,0.0,0.0,0.0,,144,0,,,,0,7,122,160,3.10254320159644,0.231,1.167
545,42,0,0,0,0,0,4,0,0,2,0,0,12,0,0,11,0,0,PORTLAND,PORTLAND,0,0.0,0.0,0.0,,152,0,,,,0,7,17,25,5.286686595288254,0.097,1.033
546,42,0,0,0,0,0,1,0,0,0,0,0,0,0,0,0,0,0,PORTLAND,PORTLAND,0,2.0,0.0,0.0,,160,0,,,,0,7,13,21,3.0359850370061783,0.1,1.108
547,42,0,0,0,0,50,0,0,10,5,0,0,62,0,0,89,0,0,PORTLAND,PORTLAND,0,2.0,0.0,0.0,,166,0,,,,0,7,60,108,3.0447013556746154,0.1,1.059
548,42,0,18,0,0,0,3,0,1,0,0,0,0,0,0,23,0,0,PORTLAND,PORTLAND,0,2.0,0.0,0.0,,173,0,,,,0,7,76,142,3.104972937432486,0.023,0.94
549,42,0,0,0,0,0,7,0,0,0,0,0,0,0,0,11,0,0,PORTLAND,PORTLAND,0,2.0,0.0,0.0,,173,0,,,,0,7,54,96,3.102310215074031,0.194,0.865
550,42,0,75,0,0,0,5,0,0,29,0,0,0,0,0,109,0,0,PORTLAND,PORTLAND,0,2.0,12.0,9.77,,181,0,,,,0,7,71,129,2.685009225175862,0.145,0.816
551,42,0,79,0,0,0,5,0,0,32,0,0,0,2,0,50,0,0,PORTLAND,PORTLAND,0,2.0,0.0,0.0,,174,0,,,,0,7,62,115,3.101721471376913,0.097,0.865
552,42,0,0,0,0,28,0,0,0,0,0,0,0,0,1,19,0,0,PORTLAND,PORTLAND,0,2.0,0.0,0.0,,170,0,,,,0,7,46,81,3.1045516498221257,0.0,0.838
553,42,0,35,0,0,1,0,0,0,23,0,0,0,0,0,67,0,0,PORTLAND,PORTLAND,0,2.0,0.0,0.0,,172,0,,,,0,7,49,87,3.122335047833616,0.145,0.915
554,42,0,0,0,0,133,0,0,13,0,0,0,0,0,0,135,0,0,PORTLAND,PORTLAND,0,2.0,7.0,5.7,,166,0,,,,0,7,25,36,3.104513458392752,0.048,0.888
555,42,0,0,0,0,0,2,0,0,0,0,0,0,0,0,1,0,0,PORTLAND,PORTLAND,0,0.0,0.0,0.0,,161,0,,,,0,7,7,11,3.0731941216621665,0.083,1.019
556,42,0,2,7,0,0,7,0,7,1,0,0,0,0,0,28,0,0,PORTLAND,PORTLAND,0,2.0,0.0,0.0,,173,0,,,,0,7,82,156,2.441693147270324,0.097,0.963
557,42,0,0,0,0,151,8,0,1,0,0,0,0,0,0,201,0,0,PORTLAND,PORTLAND,0,0.0,0.0,0.0,,161,0,,,,0,7,41,54,3.1044791783689245,0.048,0.984
558,42,0,0,0,0,28,0,0,0,0,0,0,0,0,0,19,0,0,PORTLAND,PORTLAND,0,2.0,0.0,0.0,,165,0,,,,0,7,45,78,2.9080939659735923,0.049,0.985
559,42,0,0,0,0,15,2,0,0,0,0,1,0,0,0,22,0,0,PORTLAND,PORTLAND,0,2.0,0.0,0.0,,168,0,,,,0,7,77,145,3.0580463298965306,0.049,0.985
560,42,0,0,0,0,0,1,0,0,0,0,0,5,0,0,6,0,0,PORTLAND,PORTLAND,0,0.0,0.0,0.0,,158,0,,,,0,7,6,10,3.0425514624139938,0.097,1.033
561,43,0,0,0,0,1703,0,0,0,0,0,0,0,0,0,2938,0,0,PORTLAND,PORTLAND,0,2.0,0.0,0.0,,187,0,,,,0,7,68,125,3.027462647963945,999999.0,999999.0
562,43,0,30,0,0,0,1,0,1,8,0,15,0,0,0,64,0,0,PORTLAND,PORTLAND,0,2.0,0.0,0.0,,210,0,,,,0,7,0,0,6.206734275042561,0.049,0.739
563,43,0,0,0,0,88,0,0,4,0,0,0,0,0,0,88,0,0,PORTLAND,PORTLAND,0,2.0,0.0,0.0,,201,1,,,,0,7,31,42,3.0975897099556238,0.0,0.788
564,43,0,30,0,0,1,22,0,0,0,0,11,2,0,0,47,0,0,PORTLAND,PORTLAND,0,2.0,0.0,0.0,,230,0,,,,0,7,7,7,3.101724448255376,0.049,0.649
565,43,0,0,0,0,21,27,0,0,4,0,0,0,4,0,39,0,0,PORTLAND,PORTLAND,0,2.0,0.0,0.0,,236,0,,,,0,7,128,190,3.108901737641503,0.0,0.551
566,43,0,23,0,0,24,16,0,0,0,0,1,0,0,0,53,0,0,PORTLAND,PORTLAND,0,2.0,0.0,0.0,,219,0,,,,0,7,16,21,3.1060752385961514,0.097,0.592
567,43,0,12,0,0,0,11,0,12,0,0,0,0,0,0,31,0,0,PORTLAND,PORTLAND,0,2.0,0.0,0.0,,236,0,,,,0,7,94,126,3.103756352761719,0.0,0.551
568,43,0,32,0,0,0,1,0,0,0,0,0,2,0,0,32,0,0,PORTLAND,PORTLAND,0,2.0,0.0,0.0,,217,0,,,,0,7,31,42,3.101160303436441,0.099,0.641
569,43,0,4,0,0,1,5,0,0,14,0,0,4,1,0,19,0,0,PORTLAND,PORTLAND,0,2.0,0.0,0.0,,195,0,,,,0,7,124,182,3.104592411509344,0.049,0.72
570,43,0,0,0,0,15,6,0,0,0,0,0,0,0,0,30,0,0,PORTLAND,PORTLAND,0,2.0,0.0,0.0,,235,0,,,,0,7,60,81,3.102443995850772,0.049,0.6
571,43,0,38,0,0,0,1,0,0,2,0,0,0,0,0,77,0,0,PORTLAND,PORTLAND,0,2.0,0.0,0.0,,212,0,,,,0,7,100,127,3.1051572490396997,0.098,0.69
572,43,0,80,0,0,0,1,0,0,23,0,0,8,0,0,158,0,0,PORTLAND,PORTLAND,0,2.0,0.0,0.0,,188,0,,,,0,7,158,243,3.119937108393489,0.0,0.769
573,43,0,32,0,0,133,11,0,2,24,0,0,0,0,0,107,0,0,PORTLAND,PORTLAND,0,2.0,0.0,0.0,,186,0,,,,0,7,107,151,3.0890473522857698,0.049,0.818
574,44,0,0,0,0,40,17,0,9,62,12,0,0,0,0,67,0,0,PORTLAND,PORTLAND,0,2.0,0.0,0.0,,180,0,,,,0,7,99,134,3.103988145569737,0.0,0.515
575,44,0,3,0,0,0,23,0,26,13,0,0,0,0,0,74,0,0,PORTLAND,PORTLAND,0,2.0,0.0,0.0,,184,0,,,,0,7,0,0,1.966958088649476,0.0,0.532
576,44,0,0,0,0,15,8,0,0,0,0,0,6,0,0,36,0,0,PORTLAND,PORTLAND,0,2.0,0.0,0.0,,198,0,,,,0,7,13,16,1.417196117888496,0.0,0.472
577,44,0,59,0,0,0,2,0,0,0,0,0,1,0,0,52,0,0,PORTLAND,PORTLAND,0,2.0,0.0,0.0,,207,0,,,,0,7,178,287,2.922990044654619,0.053,0.395
578,44,0,0,0,0,213,24,0,7,14,0,0,0,0,0,259,0,0,PORTLAND,PORTLAND,0,2.0,0.0,0.0,,208,0,,,,0,7,125,185,3.306129030766645,0.148,0.496
579,44,0,0,0,0,33,3,0,0,5,0,0,0,0,0,67,0,0,PORTLAND,PORTLAND,0,2.0,0.0,0.0,,179,0,,,,0,7,66,94,3.1039824544912995,0.0,0.559
580,44,0,12,0,0,0,0,0,0,58,0,0,0,0,0,27,0,0,PORTLAND,PORTLAND,0,2.0,0.0,0.0,,202,0,,,,0,7,10,13,2.5149343113752862,0.048,0.574
581,44,0,0,5,0,0,1,1,0,0,0,0,0,0,0,10,0,0,PORTLAND,PORTLAND,0,2.0,0.0,0.0,,173,0,,,,0,7,72,103,3.10338697127522,0.097,0.768
582,44,0,4,0,0,20,8,0,0,0,0,0,0,0,0,24,0,0,PORTLAND,PORTLAND,0,2.0,0.0,0.0,,179,0,,,,0,7,52,71,2.6256644751994003,0.0,0.619
583,44,0,18,0,0,0,34,0,3,29,0,1,4,0,0,86,0,0,PORTLAND,PORTLAND,0,2.0,0.0,0.0,,204,0,,,,0,7,78,110,3.3409057996927096,0.0,0.623
584,44,0,14,0,0,2,8,0,1,11,0,0,0,0,0,41,0,0,PORTLAND,PORTLAND,0,2.0,12.0,9.77,,184,0,,,,0,7,127,188,3.103864879279261,0.097,0.72
585,44,0,10,0,0,8,9,0,0,27,0,2,0,0,0,72,0,0,PORTLAND,PORTLAND,0,2.0,0.0,0.0,,198,0,,,,0,7,21,24,3.104725521895033,0.0,0.671
586,44,0,0,5,0,74,1,0,28,78,0,0,0,0,0,113,0,0,PORTLAND,PORTLAND,0,2.0,12.0,6.82,,182,0,,,,0,7,96,139,3.1039031618950035,0.097,0.768
587,45,0,0,0,0,98,2,0,0,4,0,0,0,0,0,192,0,0,PORTLAND,PORTLAND,0,2.0,0.0,0.0,,200,0,,,,0,7,65,92,3.1046873313440466,0.049,0.837
588,45,0,30,0,0,8,2,0,0,4,0,0,0,0,0,45,0,0,PORTLAND,PORTLAND,0,2.0,0.0,0.0,,198,0,,,,0,7,0,0,3.103864524979969,0.0,0.886
589,45,0,0,0,0,0,0,0,0,0,0,0,0,0,0,0,0,0,PORTLAND,PORTLAND,0,2.0,0.0,0.0,,193,0,,,,0,7,29,37,3.1028097454746613,0.048,0.934
590,45,0,7,0,0,44,16,0,0,0,0,0,272,0,0,367,0,0,PORTLAND,PORTLAND,0,2.0,0.0,0.0,,191,0,,,,0,7,8,11,3.105383459480652,0.097,0.983
591,45,0,43,0,0,0,18,0,1,136,7,0,2,10,0,236,0,0,PORTLAND,PORTLAND,0,2.0,0.0,0.0,,182,0,,,,0,7,155,206,3.1041613946789117,0.0,1.081
592,45,0,116,0,0,2,152,0,6,9,48,0,1,7,122,577,0,0,PORTLAND,PORTLAND,0,2.0,0.0,0.0,,174,0,,,,0,7,96,126,3.1042395844374475,0.099,1.18
593,46,0,0,0,0,0,0,0,0,0,0,0,0,0,0,0,0,0,PORTLAND,PORTLAND,0,2.0,0.0,0.0,,180,0,,,,0,7,350,463,6.233702079758423,0.0,0.956
594,46,0,7,0,0,105,1,0,0,24,0,0,0,0,0,64,0,0,PORTLAND,PORTLAND,0,2.0,0.0,0.0,,180,0,,,,0,7,123,132,3.104927580349875,0.0,1.011
595,46,0,38,0,0,17,30,0,1,2,0,2,0,0,0,125,0,0,PORTLAND,PORTLAND,0,2.0,0.0,0.0,,175,0,,,,0,7,64,104,3.107147023525972,0.049,1.06
596,46,0,19,0,0,1,0,0,1,0,0,0,0,3,0,22,0,0,PORTLAND,PORTLAND,0,2.0,0.0,0.0,,162,0,,,,0,7,33,52,3.08621674808886,0.149,1.158
597,46,0,69,0,0,0,13,0,0,1,0,11,0,62,0,174,0,0,PORTLAND,PORTLAND,0,2.0,0.0,0.0,,171,0,,,,0,7,44,70,3.102178953699258,0.049,1.109
598,46,0,0,0,0,12,4,0,11,0,0,9,0,19,0,36,0,0,PORTLAND,PORTLAND,0,2.0,0.0,0.0,,162,0,,,,0,7,0,0,3.1196356358873265,0.147,1.206
599,46,0,111,4,0,3,7,0,0,7,4,0,2,0,0,107,0,0,PORTLAND,PORTLAND,0,2.0,0.0,0.0,,169,0,,,,0,7,68,111,3.104283325620988,0.0,1.158
600,46,0,11,19,0,6,4,0,3,0,0,10,0,0,0,36,0,0,PORTLAND,PORTLAND,0,2.0,0.0,0.0,,160,0,,,,0,7,132,225,3.104218784309296,0.097,999999.0
601,46,0,29,0,0,0,101,0,5,0,1,0,0,0,0,101,0,0,PORTLAND,PORTLAND,0,2.0,0.0,0.0,,166,0,,,,0,7,136,237,3.0996847215559544,0.049,1.207
602,46,0,29,0,27,16,10,0,5,8,0,0,4,0,0,142,0,0,PORTLAND,PORTLAND,0,2.0,0.0,0.0,,155,0,,,,0,7,130,225,3.102492709692477,0.0,999999.0
603,47,0,0,0,0,4,1050,0,20,0,0,0,0,0,0,2396,0,0,PORTLAND,PORTLAND,0,2.0,0.0,0.0,,227,0,,,,0,7,38,60,3.104607668950161,0.0,0.66
604,47,0,7,0,0,5,7,0,0,2,1,0,0,0,2,25,0,0,PORTLAND,PORTLAND,0,2.0,0.0,0.0,,225,0,,,,0,7,17,23,3.099469484533392,0.0,0.698
605,47,0,0,0,0,0,19,0,0,0,0,0,0,0,0,30,0,0,PORTLAND,PORTLAND,0,2.0,0.0,0.0,,217,0,,,,0,7,132,187,3.110079827913023,0.0,0.757
606,47,0,0,0,0,0,12,0,0,0,0,0,0,0,0,5,0,0,PORTLAND,PORTLAND,0,2.0,0.0,0.0,,217,0,,,,0,7,15,21,3.1044344061480205,0.049,0.747
607,47,0,0,0,0,62,0,0,1,0,0,0,1,0,0,44,0,0,PORTLAND,PORTLAND,0,2.0,0.0,0.0,,210,0,,,,0,7,238,350,3.1044355560179078,0.0,0.757
608,47,0,28,0,0,0,0,0,1,0,0,0,0,0,0,40,0,0,PORTLAND,PORTLAND,0,2.0,0.0,0.0,,208,0,,,,0,7,63,91,3.104392293150846,0.0,0.796
609,47,0,2,0,0,10,15,0,1,0,0,0,1,0,0,33,0,0,PORTLAND,PORTLAND,0,2.0,0.0,0.0,,197,0,,,,0,7,62,90,3.1018928964382284,0.096,0.853
610,47,0,13,0,0,63,25,0,0,22,0,0,0,0,0,71,0,0,PORTLAND,PORTLAND,0,2.0,0.0,0.0,,198,0,,,,0,7,252,386,3.111474634854898,0.0,0.845
611,48,0,48,62,0,5,83,0,0,7,16,113,114,0,157,1001,0,0,PORTLAND,PORTLAND,0,0.0,0.0,0.0,,9,0,,,,0,7,82,120,3.1229743761036253,0.016,999999.0
612,48,0,4,133,0,0,6,0,12,17,0,213,26,0,48,292,0,0,PORTLAND,PORTLAND,0,0.0,0.0,0.0,,57,0,,,,0,7,13,13,240.8833347590012,0.47,999999.0
613,48,0,0,61,38,0,123,0,0,3,0,762,60,0,134,751,0,0,PORTLAND,PORTLAND,0,0.0,0.0,0.0,,2,0,,,,0,7,0,0,40.68055565355332,0.0,999999.0
614,48,0,0,26,0,0,19,0,0,0,0,0,93,0,21,124,0,0,PORTLAND,PORTLAND,0,0.0,0.0,0.0,,9,0,,,,0,7,0,0,827.1022145853689,999999.0,999999.0
615,48,0,0,0,0,0,0,0,0,0,0,0,30,0,22,74,0,0,PORTLAND,PORTLAND,0,0.0,0.0,0.0,,11,0,,,,0,7,0,0,98.93849382408702,0.034,999999.0
616,49,0,0,0,0,0,53,0,0,4,0,0,115,0,47,113,0,0,PORTLAND,PORTLAND,0,0.0,0.0,0.0,,51,0,,,,0,7,0,0,52.65004324916018,0.134,999999.0
617,49,0,0,0,0,0,106,0,0,0,0,3,78,0,11,170,0,0,PORTLAND,PORTLAND,0,0.0,0.0,0.0,,43,0,,,,0,7,1,1,23.340454273468527,0.384,999999.0
618,49,0,0,1,0,0,5,0,0,5,0,35,12,0,0,56,0,0,PORTLAND,PORTLAND,0,0.0,0.0,0.0,,63,0,,,,0,7,0,0,13.285918978244602,0.134,999999.0
619,49,0,0,3,0,0,6,12,8,8,0,38,8,0,0,96,0,0,PORTLAND,PORTLAND,0,0.0,0.0,0.0,,69,0,,,,0,7,0,0,8.319863894491379,0.0,999999.0
620,49,0,0,15,0,0,18,0,0,11,0,58,11,0,0,171,0,0,PORTLAND,PORTLAND,0,0.0,0.0,0.0,,80,0,,,,0,7,2,2,8.270076451787446,0.098,999999.0
621,49,0,0,0,0,0,0,0,0,0,0,18,48,0,0,60,0,0,PORTLAND,PORTLAND,0,0.0,0.0,0.0,,87,0,,,,0,7,2,3,10.704149343653093,0.197,999999.0
622,49,0,0,641,26,71,140,0,28,63,0,250,167,3,74,2253,0,0,PORTLAND,PORTLAND,0,0.0,0.0,0.0,,66,0,,,,0,7,0,0,11.584662488121692,0.259,999999.0
623,49,0,0,12,0,0,47,0,26,8,5,111,237,0,278,689,0,0,PORTLAND,PORTLAND,0,0.0,0.0,0.0,,13,0,,,,0,7,1,1,94.436382372624,0.016,999999.0
624,49,0,0,0,0,0,0,0,0,0,0,233,220,0,0,261,0,0,PORTLAND,PORTLAND,0,0.0,0.0,0.0,,35,0,,,,0,7,0,0,101.20789578312652,0.403,999999.0
625,49,0,0,24,0,0,38,0,0,12,0,0,168,0,9,246,0,0,PORTLAND,PORTLAND,0,0.0,0.0,0.0,,45,0,,,,0,7,0,0,21.34306702440366,0.217,999999.0
626,49,0,36,26,0,0,72,0,0,4,0,70,363,0,15,865,0,0,PORTLAND,PORTLAND,0,0.0,0.0,0.0,,20,0,,,,0,7,0,0,19.041171916712862,0.0,999999.0
627,49,0,28,0,0,0,54,0,0,4,0,47,0,0,0,98,0,0,PORTLAND,PORTLAND,0,0.0,0.0,0.0,,7,3,,,,0,7,6,6,61.189684647467736,0.112,999999.0
628,50,0,0,102,0,2,19,0,28,0,1,8,0,2,0,219,0,0,PORTLAND,PORTLAND,0,0.0,0.0,0.0,,44,3,,,,0,7,0,0,20.12842157115755,0.344,999999.0
629,50,0,0,0,0,0,0,0,0,0,0,0,0,0,0,0,0,0,PORTLAND,PORTLAND,0,2.0,0.0,0.0,,160,0,,,,0,7,219,387,70.96241958271582,0.097,1.088
630,50,0,0,4,0,0,23,0,0,0,0,0,0,0,0,17,0,0,PORTLAND,PORTLAND,0,0.0,0.0,0.0,,65,3,,,,0,7,0,0,1.0638054983803542,0.314,999999.0
631,50,0,0,0,0,2,19,0,0,0,0,0,0,0,0,17,0,0,PORTLAND,PORTLAND,0,0.0,0.0,0.0,,93,3,,,,0,7,77,134,21.03264030675483,0.257,999999.0
632,50,0,0,2,0,0,7,0,8,0,0,0,0,0,0,17,0,0,PORTLAND,PORTLAND,0,0.0,0.0,0.0,,137,0,,,,0,7,29,49,5.118387179902207,0.096,999999.0
633,50,0,0,0,0,0,2,0,1,0,0,1,0,0,0,2,0,0,PORTLAND,PORTLAND,0,0.0,0.0,0.0,,114,0,,,,0,7,23,40,3.0727052334521905,0.114,999999.0
634,50,0,0,0,0,0,4,0,0,0,0,0,0,0,0,5,0,0,PORTLAND,PORTLAND,0,0.0,0.0,0.0,,127,0,,,,0,7,67,126,3.0196333810923672,0.048,999999.0
635,50,0,0,699,0,0,0,0,0,0,0,0,0,0,0,1285,0,0,PORTLAND,PORTLAND,0,2.0,0.0,0.0,,163,0,,,,0,7,46,80,3.145561784737528,0.174,999999.0
636,50,0,0,0,0,0,0,0,85,0,0,0,0,0,0,163,0,0,PORTLAND,PORTLAND,0,2.0,0.0,0.0,,154,0,,,,0,7,0,0,3.5148878018413083,0.143,1.225
637,50,0,40,0,0,3,7,0,0,5,0,18,0,1,0,56,0,0,PORTLAND,PORTLAND,0,2.0,0.0,0.0,,144,0,,,,0,7,11,11,5.32595220625175,0.0,999999.0
638,50,0,33,0,0,4,21,0,0,0,0,30,7,0,1,72,0,0,PORTLAND,PORTLAND,0,2.0,0.0,0.0,,149,0,,,,0,7,13,24,3.0900321424644104,0.0,999999.0
639,50,0,36,0,0,6,20,0,0,1,0,0,3,1,0,54,0,0,PORTLAND,PORTLAND,0,2.0,0.0,0.0,,145,0,,,,0,7,5,6,2.997250481892081,0.127,999999.0
640,50,0,0,0,0,0,2,0,57,0,8,0,0,0,0,64,0,0,PORTLAND,PORTLAND,0,0.0,0.0,0.0,,135,0,,,,0,7,73,140,6.194679858554568,0.096,999999.0
641,50,0,12,0,0,0,22,0,1,0,0,4,0,0,0,77,0,0,PORTLAND,PORTLAND,0,0.0,0.0,0.0,,124,0,,,,0,7,125,229,3.014954901364939,0.048,999999.0
642,50,0,0,0,0,0,1,0,0,0,0,0,0,0,0,3,0,0,PORTLAND,PORTLAND,0,0.0,0.0,0.0,,82,3,,,,0,7,46,78,2.936784034970012,0.313,999999.0
643,50,0,0,0,0,0,1,0,0,0,0,0,0,0,0,0,0,0,PORTLAND,PORTLAND,0,0.0,0.0,0.0,,79,3,,,,0,7,59,100,2.151775682280141,0.361,999999.0
644,50,0,0,6,0,2,21,0,0,0,0,0,0,10,0,64,117,0,PORTLAND,PORTLAND,0,0.0,0.0,0.0,,89,0,,,,0,7,41,71,2.1422142783276863,0.122,999999.0
645,50,0,0,0,0,0,1,0,0,0,0,0,0,0,0,0,0,0,PORTLAND,PORTLAND,0,0.0,0.0,0.0,,44,3,,,,0,7,151,283,13.300496615773516,0.405,999999.0
646,50,0,0,0,0,0,0,0,1,0,0,0,0,0,0,1,0,0,PORTLAND,PORTLAND,0,0.0,0.0,0.0,,74,3,,,,0,7,10,17,2.6902348408590075,0.313,999999.0
23327,2100,80826,0,0,0,0,0,0,0,0,0,0,0,0,0,0,0,0,0,0,0,0.0,0.0,0.0,,0,0,,,,0,0,0,0,0.0,999999.0,999999.0
23328,2101,14642,0,0,0,0,0,0,0,0,0,0,0,0,0,0,0,0,0,0,0,0.0,0.0,0.0,,0,0,,,,0,0,0,0,0.0,999999.0,999999.0
23329,2102,1793,0,0,0,0,0,0,0,0,0,0,0,0,0,0,0,0,0,0,0,0.0,0.0,0.0,,0,0,,,,0,0,0,0,0.0,999999.0,999999.0
23330,2103,6630,0,0,0,0,0,0,0,0,0,0,0,0,0,0,0,0,0,0,0,0.0,0.0,0.0,,0,0,,,,0,0,0,0,0.0,0.0,999999.0
23331,2104,6536,0,0,0,0,0,0,0,0,0,0,0,0,0,0,0,0,0,0,0,0.0,0.0,0.0,,0,0,,,,0,0,0,0,0.0,999999.0,999999.0
23332,2105,3252,0,0,0,0,0,0,0,0,0,0,0,0,0,0,0,0,0,0,0,0.0,0.0,0.0,,0,0,,,,0,0,0,0,0.0,999999.0,999999.0
